Position,Group_1,Group_2,Group_All
-2995.0,-0.0019148866138481012,-0.003883828421418548,-0.0028998499993260637
-2985.0,-0.0018452990535869893,-0.004065415856268191,-0.002955912761781688
-2975.0,-0.0021420544164573803,-0.004511320543671718,-0.0033272800929027716
-2965.0,-0.00206221651479082,-0.004392028257556194,-0.0032277051304813523
-2955.0,-0.0022813283558921088,-0.004106124398609518,-0.003194182804475105
-2945.0,-0.0021574190534163944,-0.0038271506463628613,-0.002992702491608724
-2935.0,-0.002463115125769158,-0.003934644774039043,-0.0031992480163493906
-2925.0,-0.0026373038909628054,-0.0036978653232741633,-0.0031678498801130596
-2915.0,-0.0024478382747176214,-0.0033031399589846843,-0.002875703049238413
-2905.0,-0.002566327611006986,-0.003172172508683434,-0.0028694015968381255
-2895.0,-0.002562602704556439,-0.0035093314418933007,-0.003036203873809496
-2885.0,-0.002252645091856128,-0.0035881608790092286,-0.0029207370314024515
-2875.0,-0.002098086252603584,-0.003161555395596952,-0.002630086824386159
-2865.0,-0.0020301275135826036,-0.00299829689530161,-0.00251445436786925
-2855.0,-0.0017006686248336321,-0.0028720761514698097,-0.0022866653865325705
-2845.0,-0.0012393889509189398,-0.003081994219162152,-0.0021611524667984857
-2835.0,-0.001245973154522739,-0.0025645727061637444,-0.0019056027451385498
-2825.0,-0.0008637158429100727,-0.002385104932027025,-0.0016247909250095985
-2815.0,-0.0008906905492691946,-0.0028514233422152757,-0.0018715473741546778
-2805.0,-0.0004916755300298617,-0.0036878211384238965,-0.002090547770347038
-2795.0,-0.0008226514372684353,-0.0034919808352606198,-0.002157983802447117
-2785.0,-0.0009993175161231353,-0.0032820636754096084,-0.0021412615677922063
-2775.0,-0.0009150770440995059,-0.0033202474855761467,-0.0021182638582448988
-2765.0,-0.0005222476639288913,-0.0033985291865190445,-0.0019611078553196633
-2755.0,-0.0011837166929900696,-0.003513149113943109,-0.0023490155528965427
-2745.0,-0.0009124447090574098,-0.0032726583901270716,-0.0020931418981868055
-2735.0,-0.0005294890519040096,-0.0033948728995764213,-0.0019628976800542906
-2725.0,-0.00024301083374063943,-0.0034903535582834593,-0.0018674944378140861
-2715.0,-0.00046361316314548137,-0.0031799115764177257,-0.001822441784092077
-2705.0,-0.0007090503835765243,-0.0030063228813040042,-0.0018582612378674097
-2695.0,-0.001494886710652436,-0.003705011393731911,-0.0026005018597667308
-2685.0,-0.0019072438485291624,-0.0038148826637805543,-0.0028615404044328102
-2675.0,-0.002559902954770176,-0.0036097092771204186,-0.0030850686988173207
-2665.0,-0.003092736236281631,-0.00391219199658226,-0.003502669082855232
-2655.0,-0.0026388997173261803,-0.003891588424882502,-0.003265557399945651
-2645.0,-0.0024549662936494,-0.0034691545234716613,-0.0029623140824549337
-2635.0,-0.002113388549537399,-0.003748590489257185,-0.0029313985243847158
-2625.0,-0.0021992180434058715,-0.004502730062848423,-0.0033515502192150515
-2615.0,-0.0015746857073861645,-0.004828316034654563,-0.003202314685509425
-2605.0,-0.0019526959413238697,-0.005078230538852222,-0.0035162450146246963
-2595.0,-0.002008640773445248,-0.005417495183163555,-0.003713920618226792
-2585.0,-0.0022957971321631958,-0.00588654989922361,-0.004092071652953798
-2575.0,-0.0021116650732434204,-0.0057593744051555405,-0.003936432122724221
-2565.0,-0.0021181338169547663,-0.0049818040061159995,-0.0035506851872205156
-2555.0,-0.0018035655849028055,-0.004246622190636117,-0.0030257049574557377
-2545.0,-0.0017631622754061618,-0.0036711276832895236,-0.002717622209314797
-2535.0,-0.0020641591158119038,-0.003451800165933673,-0.002758326724677221
-2525.0,-0.0024432881089052425,-0.0036557283621252283,-0.0030498114972093873
-2515.0,-0.003088734385878693,-0.004165662541161874,-0.003627467830242465
-2505.0,-0.002857522221025871,-0.004794980180481388,-0.0038267358075468904
-2495.0,-0.002687249855855819,-0.004681091905912672,-0.0036846695907516934
-2485.0,-0.0023405621297224225,-0.0044195521421198465,-0.003380577143427987
-2475.0,-0.0020480951687233784,-0.004552181642816049,-0.0033007647405556297
-2465.0,-0.0021477481373095597,-0.0043974893352845355,-0.0032731814529548702
-2455.0,-0.002183416765060852,-0.004053028011868036,-0.003118690025094461
-2445.0,-0.0023039021253164205,-0.004356089063490071,-0.0033305088977894823
-2435.0,-0.0023255359304766624,-0.004034002966288244,-0.0031801967788066183
-2425.0,-0.001986642826327247,-0.003291457662274479,-0.0026393766111932958
-2415.0,-0.0019575912499783807,-0.003115563417609519,-0.002536866971654788
-2405.0,-0.0021860357313064974,-0.003458294648087758,-0.0028224834135382433
-2395.0,-0.0019478661284010085,-0.0030366349496136536,-0.002492522867376819
-2385.0,-0.0016331516003324272,-0.00327562731640719,-0.002454800282710998
-2375.0,-0.0015548094432038656,-0.0034547987269041187,-0.0025052793199923863
-2365.0,-0.0006475761122868147,-0.0036887921831053974,-0.0021689448320559904
-2355.0,-0.0005028534633933927,-0.003786676856377744,-0.00214558652641708
-2345.0,-7.65752464426109e-05,-0.004298241774144116,-0.002188464454897591
-2335.0,-0.00020311225296962575,-0.003947567997488659,-0.0020762767074563857
-2325.0,-0.00030999874218762784,-0.003956396130940993,-0.0021341094919391864
-2315.0,-0.0006614965014762732,-0.0034587298915146674,-0.0020608128546720683
-2305.0,-0.0012209852683669968,-0.0031538992250687444,-0.002187925716942158
-2295.0,-0.0017538114486006298,-0.002965969220016268,-0.002360193525346822
-2285.0,-0.002250385613361205,-0.0030400304201932157,-0.0026454055267338965
-2275.0,-0.0027563782099674495,-0.003157140849609277,-0.002956859770568664
-2265.0,-0.0032137590571985676,-0.0031589007077513086,-0.0031863161610268522
-2255.0,-0.0029431074030117133,-0.0031136173266684635,-0.003028405013645405
-2245.0,-0.0028047885831574922,-0.0034641992671153275,-0.0031346588602749687
-2235.0,-0.0024124062405320584,-0.0036142357487289702,-0.003013621602311404
-2225.0,-0.002269398042703692,-0.003461470864416333,-0.002865732620849085
-2215.0,-0.002191273113930583,-0.004254648692952469,-0.003223477005387254
-2205.0,-0.002046686873410118,-0.004441412011257489,-0.003244648423108653
-2195.0,-0.0016888452704657462,-0.004042509246771078,-0.0028662659689676633
-2185.0,-0.0014760457306787524,-0.003984000603730237,-0.0027306504695739425
-2175.0,-0.0015499718541129575,-0.0038805830287870777,-0.002715860385715819
-2165.0,-0.0011503709157227537,-0.0029483740691182902,-0.0020498222180716963
-2155.0,-0.0009647516410674777,-0.003061084752692841,-0.002013442542330791
-2145.0,-0.001796250295082645,-0.003617678917050216,-0.0027074201910143965
-2135.0,-0.0023077897644577057,-0.003501852470021549,-0.002905119782248523
-2125.0,-0.002440050935047703,-0.0037706820160783535,-0.003105699299745377
-2115.0,-0.0030730098265708736,-0.003975930092335329,-0.0035246958024410364
-2105.0,-0.0037178382550508275,-0.003465153192495927,-0.003591432520906305
-2095.0,-0.0034878298323430183,-0.0033625342147177435,-0.0034251506839561873
-2085.0,-0.0030122357798405006,-0.004031711587810423,-0.0035222286802756796
-2075.0,-0.002573409249296517,-0.00427840221800725,-0.0034263321951247976
-2065.0,-0.002529048336456928,-0.004577907472646621,-0.0035539903755713313
-2055.0,-0.0020025577557827782,-0.005529043765079404,-0.0037666828229646824
-2045.0,-0.0018521199620888662,-0.0058013134361724955,-0.003827704491395334
-2035.0,-0.0016110524692081996,-0.005689856869312644,-0.0036514748804660504
-2025.0,-0.0014016450314554274,-0.0053895973535050875,-0.0033966186793041816
-2015.0,-0.0014331125347539213,-0.005288571776884783,-0.003361806502803377
-2005.0,-0.001257952945455621,-0.005176575366019824,-0.0032182443014157026
-1995.0,-0.0011146852049002498,-0.005201332368142175,-0.0031590309593984615
-1985.0,-0.001831636684687578,-0.004940794570935759,-0.003386993306122386
-1975.0,-0.0022658388089493255,-0.004767483904016262,-0.0035172870806186285
-1965.0,-0.0014803672677250166,-0.004619802821822668,-0.003050870296288124
-1955.0,-0.0016694753052310138,-0.0044791649167884315,-0.003075022884799507
-1945.0,-0.0018834592711830813,-0.00454710440750132,-0.003215948083748483
-1935.0,-0.001882180336128244,-0.0045187318765460074,-0.00320111557395604
-1925.0,-0.0019304331920390648,-0.004801630072727858,-0.003366749790682783
-1915.0,-0.002463618812844589,-0.005585529105514434,-0.004025354827186682
-1905.0,-0.0023716258886500377,-0.005850090618780814,-0.004111728304923562
-1895.0,-0.0022097545421209297,-0.0049565830788735185,-0.0035838558611567418
-1885.0,-0.002327165812717108,-0.004948848363370052,-0.0036386628365554993
-1875.0,-0.0020737681060246224,-0.004503821431930738,-0.0032894025862177764
-1865.0,-0.0019709983806338958,-0.0038243172297130514,-0.0028981213666664897
-1855.0,-0.0021990591590310233,-0.0032212911377468116,-0.0027104308342265153
-1845.0,-0.002277879467832057,-0.0034739001530109817,-0.0028761889651701886
-1835.0,-0.0020831131006104385,-0.003871052504545878,-0.00297753001103337
-1825.0,-0.001884410896321436,-0.003778348757246749,-0.0028318535481099867
-1815.0,-0.0018744644175259257,-0.004072211988861455,-0.002973887914942398
-1805.0,-0.002401457484252337,-0.004545304154914629,-0.00347391704936604
-1795.0,-0.00277563024554746,-0.0049203647974900375,-0.0038485339733826665
-1785.0,-0.0028891130124509335,-0.004628644734992122,-0.0037593139742024034
-1775.0,-0.0029379457137708102,-0.0051666435152030316,-0.004052852067663868
-1765.0,-0.003130373510287102,-0.004652398396008357,-0.003891766649717445
-1755.0,-0.003007788639804637,-0.004377959068326163,-0.0036932165680295128
-1745.0,-0.0030675425856702006,-0.005005877400934697,-0.004037194819419323
-1735.0,-0.0029084578803077374,-0.005046083736144647,-0.003977805482027052
-1725.0,-0.0035120125988321086,-0.0051437730390200154,-0.0043283009631082
-1715.0,-0.0035014483577347952,-0.0053260539258059,-0.004414207521352156
-1705.0,-0.0029862602640626412,-0.0054026689226797315,-0.004195068997738024
-1695.0,-0.002622731887807443,-0.005338668460995541,-0.003981379498206691
-1685.0,-0.002811136469955073,-0.005492376040207455,-0.0041524269002964345
-1675.0,-0.002471338631238558,-0.005608189408783437,-0.004040548625007882
-1665.0,-0.001677026615173484,-0.005897099437104043,-0.0037881185721172356
-1655.0,-0.001681242323975603,-0.005983352332657523,-0.003833373393851501
-1645.0,-0.001489790372884759,-0.005202882062966091,-0.003347264955216591
-1635.0,-0.0009339741349393151,-0.005239511454903549,-0.003087819717712819
-1625.0,-0.0004206921180145134,-0.005063833883143889,-0.0027434243667035455
-1615.0,-0.00053986242333108,-0.004952079610539659,-0.0027470746230352215
-1605.0,-0.0010103119209612284,-0.004476435755704005,-0.0027442408027735232
-1595.0,-0.0014190258496712233,-0.004998949201260984,-0.0032098829540182774
-1585.0,-0.001253114110715671,-0.005229089666821528,-0.0032420963799031934
-1575.0,-0.001898725059390517,-0.005249222377152182,-0.0035748117616224654
-1565.0,-0.002652849868968747,-0.0054748973035893865,-0.0040645794510701175
-1555.0,-0.002349572996972146,-0.005587098571844399,-0.003969145570695134
-1545.0,-0.002220580243334968,-0.005545404030481586,-0.0038838237586659424
-1535.0,-0.0024488328260577237,-0.005453647574529168,-0.003951991779770302
-1525.0,-0.002406073988544626,-0.005350968817278044,-0.00387925799491452
-1515.0,-0.002738701327450633,-0.005910107922391762,-0.004325197873194069
-1505.0,-0.00272231543596601,-0.006391449359508988,-0.0045578001400895605
-1495.0,-0.002950800564394922,-0.006408446980985172,-0.004680488616716208
-1485.0,-0.003525990535587795,-0.006215007081677322,-0.004871171399064297
-1475.0,-0.003675709220185233,-0.006242097268247744,-0.004959545162187489
-1465.0,-0.002905769765239821,-0.006231615474032151,-0.004569524497001867
-1455.0,-0.0026529974969895197,-0.00591939402938151,-0.004287012770822432
-1445.0,-0.003149062552359021,-0.00557724980449566,-0.0043637635289156184
-1435.0,-0.002981863626198945,-0.005740952488728362,-0.004362098174737923
-1425.0,-0.0029232091468307424,-0.005944189573473704,-0.004434454983070343
-1415.0,-0.003025616976169927,-0.005192697493371088,-0.0041096992759203825
-1405.0,-0.0028738811780750803,-0.005581573226800992,-0.004228404464081039
-1395.0,-0.0018575093522131838,-0.006008887458732534,-0.0039342367691813426
-1385.0,-0.0018567040742897194,-0.00664770317243474,-0.004253401972311241
-1375.0,-0.0025505771201711175,-0.007157254317346269,-0.004855067964180698
-1365.0,-0.002721295586533241,-0.007563082595965716,-0.005143400143527976
-1355.0,-0.003060663045387544,-0.00728511186802034,-0.005173944097229863
-1345.0,-0.003553895233771463,-0.007284788932769152,-0.005420275273290066
-1335.0,-0.0036824850178638845,-0.007127392021921696,-0.0054058001774725944
-1325.0,-0.0032639525242055905,-0.007291448127280455,-0.005278707703332586
-1315.0,-0.002990247423713572,-0.006670980135096761,-0.004831534422904763
-1305.0,-0.0025937414038731755,-0.006252920083215576,-0.004424245995840359
-1295.0,-0.002423145325523004,-0.0055054976236722725,-0.003965092448158956
-1285.0,-0.0018396678451009704,-0.005219684331129247,-0.003530521514950033
-1275.0,-0.001200516620244978,-0.0048609855257396705,-0.003031666648006205
-1265.0,-0.0013828388456835177,-0.005269182419319987,-0.003326982704431126
-1255.0,-0.0019682482260086963,-0.005667403859428305,-0.0038187512942526223
-1245.0,-0.0021175104255748522,-0.006039613999469293,-0.004079543228923747
-1235.0,-0.002640632213265749,-0.005761428271209297,-0.004201810831546663
-1225.0,-0.0029393938386764037,-0.005814159988869141,-0.004377495964835852
-1215.0,-0.003093960863183888,-0.0061528004276719,-0.004624145737865235
-1205.0,-0.0032154618274281596,-0.006424789760899875,-0.004820928527514061
-1195.0,-0.003403861827715915,-0.006488403408704471,-0.004946904139366018
-1185.0,-0.0037465718801906116,-0.006588089326519184,-0.005168041338083845
-1175.0,-0.004156788356145795,-0.006258194006375925,-0.005208016795480527
-1165.0,-0.004786083333239004,-0.005644349971810152,-0.005215431326521219
-1155.0,-0.005070598441352604,-0.0057605909497062385,-0.005415767279948719
-1145.0,-0.004662741890569668,-0.006056227523333655,-0.005359833252632693
-1135.0,-0.004287880306366571,-0.006410733825884745,-0.005349838044994972
-1125.0,-0.004561555694439798,-0.0068162844954655155,-0.005689484059135004
-1115.0,-0.004278145069485993,-0.007276949841060559,-0.005778297531504285
-1105.0,-0.003447321628260175,-0.007097418726921024,-0.005273283158355647
-1095.0,-0.0032242253996824016,-0.0075287081751361255,-0.0053775434464326385
-1085.0,-0.0030052630239138295,-0.007745933504207642,-0.005376784024561059
-1075.0,-0.0028577924274837537,-0.007554166806944704,-0.005207154298149562
-1065.0,-0.0025763988385180156,-0.007051641503768042,-0.004815139541494517
-1055.0,-0.002956056191130581,-0.007467444340599468,-0.005212878677108013
-1045.0,-0.003230274245796098,-0.006843781252458575,-0.005037931577793335
-1035.0,-0.0034784954835232387,-0.006899196021354873,-0.005189701355374982
-1025.0,-0.0033112424318365715,-0.0069280744231509745,-0.005120563087821765
-1015.0,-0.0030141860839634303,-0.007611313260185125,-0.005313899528796694
-1005.0,-0.0033168394777039812,-0.007378618751902832,-0.005348745067598353
-995.0,-0.0033819697235259838,-0.0074564913516980596,-0.005420249677589054
-985.0,-0.002829356106774064,-0.007050835962011479,-0.004941151932305537
-975.0,-0.0022399736216722342,-0.006762995223402686,-0.004502615743598423
-965.0,-0.002041749253332857,-0.006790835188723577,-0.004417480086444773
-955.0,-0.0018472330735951165,-0.007048972910025622,-0.004449404077312228
-945.0,-0.002052964948747435,-0.007047799915718497,-0.004551631765641413
-935.0,-0.0023273287116714887,-0.007097364835716144,-0.0047135398792776196
-925.0,-0.0022366348702164873,-0.00724323136496314,-0.00474118539285113
-915.0,-0.002707125309472405,-0.007027514827078084,-0.004868400705973495
-905.0,-0.002894500275872563,-0.007021813388163355,-0.004959189176468257
-895.0,-0.0029481480058918194,-0.007420511838666061,-0.005185448572562276
-885.0,-0.0028214215822810512,-0.00807154846191006,-0.0054477982104096205
-875.0,-0.002917570665847741,-0.008126953017204869,-0.005523564838612687
-865.0,-0.002908622075169528,-0.00786479642840186,-0.0053879489152057125
-855.0,-0.003252717098523583,-0.007951959475650801,-0.00560351368538062
-845.0,-0.0030633661727864038,-0.008381770375480482,-0.005723898540317208
-835.0,-0.0030229907659349966,-0.008278222804042525,-0.005651921250230909
-825.0,-0.0029290349202326597,-0.008568312222941677,-0.005750084096175139
-815.0,-0.003096002840553061,-0.008854462283144312,-0.0059766728968768485
-805.0,-0.002886523497148449,-0.00927316930331035,-0.006081443860411031
-795.0,-0.003389556582446862,-0.009300865542340034,-0.0063466896289166835
-785.0,-0.0035838144277119325,-0.009303663165141187,-0.006445169473949679
-775.0,-0.003909066667166099,-0.009108931782466244,-0.00651029984140329
-765.0,-0.004357509462052322,-0.009311590428063937,-0.006835789084869538
-755.0,-0.004172022012499365,-0.009483741366692994,-0.0068292102837317955
-745.0,-0.004097613732784276,-0.009190178215237392,-0.006645169752020452
-735.0,-0.003991832544970503,-0.009118318500157329,-0.0065563577851840225
-725.0,-0.0042812135148609575,-0.00905515810519064,-0.0066693798932149755
-715.0,-0.0038467715145117866,-0.008789712117612362,-0.006319478169389513
-705.0,-0.003415739742820631,-0.008549242265305112,-0.005983775021702312
-695.0,-0.003246925858763495,-0.008187172049626861,-0.005718284633582587
-685.0,-0.0032089336850581124,-0.008232733793139959,-0.005722090317415215
-675.0,-0.0029600738517240152,-0.0087503007504567,-0.005856635581955473
-665.0,-0.0024230395246711274,-0.009113210030078516,-0.005769798156690832
-655.0,-0.0023470775203573106,-0.00910277971294272,-0.0057266183870833785
-645.0,-0.0020193237966933423,-0.009806863120329218,-0.005915041317271569
-635.0,-0.002243658231217322,-0.010012148819636059,-0.006129846619620892
-625.0,-0.0023024653433101057,-0.009485433788528098,-0.005895746206350622
-615.0,-0.0025120934085862247,-0.009693626230078372,-0.006104656100678344
-605.0,-0.002784916333724426,-0.010092791009038773,-0.006440681553991734
-595.0,-0.002963676109816611,-0.010003568252504192,-0.006485383034622805
-585.0,-0.0027705469779378674,-0.009605661390980822,-0.006189813817879315
-575.0,-0.0032211633680509642,-0.009375665775743619,-0.006299953967196865
-565.0,-0.003479070508156265,-0.00944399514469842,-0.0064630248035750515
-555.0,-0.0034225981260919457,-0.00909056519961996,-0.006257999363474644
-545.0,-0.003498623087531766,-0.009615790792647022,-0.00655873699704415
-535.0,-0.003600935838060853,-0.009872131797245675,-0.0067381024009347005
-525.0,-0.00301807919627049,-0.010797903241327003,-0.006909937147774499
-515.0,-0.003183244260949655,-0.01121130209796247,-0.00719928119792455
-505.0,-0.003140083438972704,-0.011609408170268943,-0.007376864194998837
-495.0,-0.002555326884281782,-0.010867640146690973,-0.006713562633360918
-485.0,-0.002768625498656848,-0.011595432642552623,-0.0071842368762935534
-475.0,-0.0031740220676356175,-0.011735396657647652,-0.0074568507769963155
-465.0,-0.0027401316135535476,-0.011600266184804786,-0.0071724150408928366
-455.0,-0.002471264054815014,-0.011356154209650412,-0.006915931465938275
-445.0,-0.0025852854731132613,-0.011212701867130817,-0.006901151603187076
-435.0,-0.002188207152534045,-0.010920670884608989,-0.006556623226608555
-425.0,-0.0020180361320778425,-0.011037487859316752,-0.006530017986624571
-415.0,-0.0018251119703197763,-0.011598486421191045,-0.006714243761651077
-405.0,-0.0022731975838160344,-0.01208439978525057,-0.0071812527120974435
-395.0,-0.0027054207889329143,-0.012871997234503942,-0.007791251927287606
-385.0,-0.0031107086739699786,-0.012887379506974685,-0.008001489480875784
-375.0,-0.0030244534284398802,-0.012970202902153687,-0.007999815846505817
-365.0,-0.0032628992954206997,-0.013099926312138268,-0.008183873290777162
-355.0,-0.0031205296201629504,-0.013183042485415353,-0.008154302939448795
-345.0,-0.0032695635939199454,-0.013604011181253008,-0.008439372291935485
-335.0,-0.003168302114756154,-0.014395425091541255,-0.00878467178798532
-325.0,-0.0034231511337378647,-0.01492755120028014,-0.009178228705795032
-315.0,-0.003997432860250136,-0.01522696108922828,-0.009615005761189678
-305.0,-0.004021077952948381,-0.01536066004752065,-0.009693705313914999
-295.0,-0.003802774328410392,-0.01517983076193741,-0.009494148232125759
-285.0,-0.003615399952453648,-0.014815918567556218,-0.009218460790423919
-275.0,-0.0033573952319848168,-0.014952862329823983,-0.009158029097837327
-265.0,-0.002575689749216014,-0.015074455162883532,-0.00882819871053043
-255.0,-0.002948134884070703,-0.015275198711077246,-0.00911475010518453
-245.0,-0.003211705353443177,-0.015165754398090576,-0.009191719883031671
-235.0,-0.003956666399464249,-0.015163731639222532,-0.009563002187237277
-225.0,-0.0039884097935097085,-0.015027151624701219,-0.009510541775096257
-215.0,-0.004498164880062297,-0.01473572678285418,-0.009619506502269342
-205.0,-0.0044948719773205345,-0.014840317277333816,-0.009670182282479754
-195.0,-0.00408812191430893,-0.015278259236447047,-0.009685989509175421
-185.0,-0.0038487378528755454,-0.015324021457509662,-0.009589249911221776
-175.0,-0.004077862565970788,-0.01487087565441907,-0.009477068713268578
-165.0,-0.004408932248831904,-0.014804989160920377,-0.009609561019261356
-155.0,-0.00478133494447952,-0.014821581038678415,-0.009803969308761108
-145.0,-0.004930448839406273,-0.01485701709665882,-0.009896215851538612
-135.0,-0.0046250287698657,-0.014778928357134282,-0.009704518308269192
-125.0,-0.004830805295008198,-0.014952754221342185,-0.009894311511283328
-115.0,-0.004605277913494708,-0.01552764445231951,-0.010069193140520622
-105.0,-0.005297275855584259,-0.01577183238869584,-0.01053717407124788
-95.0,-0.005590907885207353,-0.01574150906471186,-0.010668747394714361
-85.0,-0.005498515818797822,-0.01606135484083934,-0.010782577360589476
-75.0,-0.004845198695616924,-0.01631412437570325,-0.010582530201412985
-65.0,-0.004931847283510556,-0.016162879256298036,-0.010550172432478782
-55.0,-0.004161388866293225,-0.016460479278061758,-0.010314010382935812
-45.0,-0.0039791263368504195,-0.016940550624810386,-0.010463080457890923
-35.0,-0.0040539786109701865,-0.017097363291745934,-0.010578933428766958
-25.0,-0.004603254577683744,-0.017490760078267702,-0.011050230816094929
-15.0,-0.004852693519272564,-0.01763573028393257,-0.011247409259472667
-5.0,-0.0047175468742242516,-0.017606152847642442,-0.011165073624308389
5.0,-0.004527548643613295,-0.017194741119656645,-0.010864313263945137
15.0,-0.004194709765156253,-0.017141623512422665,-0.010671404986400082
25.0,-0.004325875368285633,-0.017124389731431256,-0.010728333779063834
35.0,-0.003959701788480388,-0.016923462776015186,-0.010444824843775433
45.0,-0.0039190828734827045,-0.01674347961675503,-0.010334488948156204
55.0,-0.0042453653472244975,-0.016394978900142267,-0.010323211046533037
65.0,-0.004577938960954287,-0.015900742002366314,-0.010242172598479062
75.0,-0.004745228004210984,-0.015074268646803467,-0.009912331877443841
85.0,-0.004329933620997131,-0.014866582207192187,-0.00960089339398115
95.0,-0.003775360479383861,-0.014596204971793121,-0.009188489289993796
105.0,-0.003488385648507666,-0.014276909953547511,-0.008885346281344006
115.0,-0.004108434017766636,-0.01415380936248057,-0.009133634290259849
125.0,-0.0037073295204869032,-0.014561466203990858,-0.009137112753855566
135.0,-0.004232398542556369,-0.014662311379087623,-0.009449963743422428
145.0,-0.004688875006641857,-0.014412066447339021,-0.009552902740857547
155.0,-0.004914917824299283,-0.014630286892494768,-0.009775032415692723
165.0,-0.004861786170292541,-0.014237284152734356,-0.009551880208532568
175.0,-0.004919913977328661,-0.014244612134179624,-0.00958459539646371
185.0,-0.0049232470443600395,-0.014023759219341446,-0.009475779398027576
195.0,-0.005139450340034496,-0.014375944617291497,-0.009760007757371665
205.0,-0.00486931967328067,-0.014286051315891928,-0.009580040855177246
215.0,-0.004264018837625395,-0.014299352253343204,-0.009284195633882428
225.0,-0.00385296846702745,-0.013869572607269037,-0.008863775940885173
235.0,-0.003908055095603645,-0.013436238354841226,-0.008674529962655962
245.0,-0.0036226993426335522,-0.013320872306324236,-0.008474211580597876
255.0,-0.0036692876863355936,-0.013250457888808524,-0.008462269278368075
265.0,-0.003533611862413883,-0.013631397499276863,-0.008585030390109221
275.0,-0.0035296283419879214,-0.013403442921182068,-0.008469005320074038
285.0,-0.0035895452354556814,-0.013642128699253226,-0.008618351370421936
295.0,-0.0033018501686376033,-0.013355905196578532,-0.008331392453750624
305.0,-0.0030768829667482765,-0.013511492360978445,-0.008296797621190581
315.0,-0.00321842521781629,-0.013832064308317786,-0.008527899500208234
325.0,-0.0034758992853002983,-0.013886694986654038,-0.008683901136902969
335.0,-0.0026786981027625088,-0.01368758297730883,-0.008185894138053314
345.0,-0.0024259943432994773,-0.01341665064299832,-0.007924071531743121
355.0,-0.0022368350801094472,-0.012911226644066664,-0.007576700794945474
365.0,-0.0024494047580765573,-0.012030770733914141,-0.007242484285759191
375.0,-0.0018897412165077528,-0.011998628519664089,-0.006946713354154745
385.0,-0.002559051273553038,-0.011742614177794439,-0.0071531297649194215
395.0,-0.003096358390808797,-0.011666482292510409,-0.007383563944436416
405.0,-0.0034124647836348073,-0.011687087706806414,-0.007551845935796692
415.0,-0.003280525777055201,-0.011852696921638562,-0.007568755464190449
425.0,-0.003959218820329499,-0.012117112708014612,-0.008040206257890835
435.0,-0.003984792565585792,-0.011886842807031645,-0.007937794187119485
445.0,-0.004205402207620822,-0.011768234419211149,-0.007988709967295823
455.0,-0.004337352247014453,-0.011951671562932097,-0.008146416437068302
465.0,-0.00448124470480456,-0.011697331460284477,-0.008091093006695464
475.0,-0.00439400643704799,-0.011318412733601872,-0.007857941552882847
485.0,-0.004222989059951021,-0.012088197617226978,-0.00815756062437121
495.0,-0.003990152518902626,-0.01231770091628423,-0.008156009646157055
505.0,-0.0036839045469660107,-0.01207254085536697,-0.00788032090934768
515.0,-0.003840551579902946,-0.012109258765386767,-0.007976973383546679
525.0,-0.0034787007066316563,-0.011852597671287367,-0.007667743710461427
535.0,-0.0036951998400923344,-0.011229050482821185,-0.0074640095663198736
545.0,-0.003630825969308795,-0.010736443972155394,-0.00718541226387938
555.0,-0.003845964131462235,-0.010862366647335876,-0.007355920367517083
565.0,-0.0034591343334964392,-0.01099712893788237,-0.007230017077061187
575.0,-0.003688486669598679,-0.01138319044369764,-0.007537763194910815
585.0,-0.0034650290639612713,-0.011409157041795334,-0.007439080078385515
595.0,-0.003338343825181529,-0.010985493780299657,-0.007163831546601303
605.0,-0.0030709690808348737,-0.010207162363896714,-0.006640850663156955
615.0,-0.002639021894588819,-0.010088888253316327,-0.006365818472241399
625.0,-0.0023303859138292505,-0.009828129201877709,-0.006081132931362246
635.0,-0.002681568468045674,-0.00939287329590461,-0.006038899547514877
645.0,-0.002479390042903437,-0.009475673193176408,-0.0059792815638003705
655.0,-0.002456824196537759,-0.009311199624720393,-0.005885726361711663
665.0,-0.002262547062516776,-0.009030713429215029,-0.005648323133901595
675.0,-0.0024213197928296543,-0.00869811855930493,-0.005561289160751253
685.0,-0.0022038536756934187,-0.00804381888795706,-0.005125297003489137
695.0,-0.002423401498615383,-0.007827562697150278,-0.005126833814040543
705.0,-0.0026870800836004344,-0.008095167356653837,-0.0053924764182944835
715.0,-0.003106065270436353,-0.00793769594838377,-0.005523089121335511
725.0,-0.0033404698340848984,-0.008037683431094046,-0.005690251523434147
735.0,-0.0033356030960225076,-0.008069263860332103,-0.00570361748537198
745.0,-0.0031061830852958192,-0.00797882690834067,-0.005543723767159176
755.0,-0.003010849569997751,-0.008565815663993817,-0.005789722053237404
765.0,-0.0033249746862689914,-0.009156391292314037,-0.006242141572734747
775.0,-0.003180149439951212,-0.009229806182665744,-0.006206490982079541
785.0,-0.003317662196101488,-0.009361130578524172,-0.006340908010219889
795.0,-0.0032374879885670583,-0.009667637899244437,-0.006454171285554242
805.0,-0.002827480208541053,-0.009226639500478633,-0.006028660444627886
815.0,-0.0025122227756093217,-0.008861143026460195,-0.005688270925109509
825.0,-0.0023987698650636924,-0.00847638668698346,-0.0054390984403112
835.0,-0.002098351132742398,-0.008983653830717957,-0.005542724668498056
845.0,-0.0020293485001441863,-0.008424876617356495,-0.005228712240620579
855.0,-0.0017711926678025342,-0.008236796955652244,-0.00500561202140419
865.0,-0.0014123035227614539,-0.00846927331693878,-0.004942553544861166
875.0,-0.0014733431771439193,-0.008697532362949277,-0.005087244720818436
885.0,-0.001618897355358779,-0.008786477966756502,-0.005204480452606264
895.0,-0.0018993437330475256,-0.009197669711499839,-0.005550332216515416
905.0,-0.0023672796526096516,-0.009141936526911741,-0.005756302601235008
915.0,-0.00258381242716829,-0.009290782392548136,-0.005938974991140198
925.0,-0.0024746879298374307,-0.00927286438160445,-0.005875476550031037
935.0,-0.002380078872773846,-0.008746934605141723,-0.005565099249145971
945.0,-0.002805173273643138,-0.008949628207259593,-0.005878937622625857
955.0,-0.002960633114966444,-0.009054908155958401,-0.006009294966388134
965.0,-0.002845539913953956,-0.008537350950163818,-0.005692869096650235
975.0,-0.0029342418040103585,-0.008326448722344504,-0.005631693989270061
985.0,-0.0027632006194953764,-0.00840331133675536,-0.005584666711171206
995.0,-0.0022311800570270525,-0.007922088482455002,-0.005078057708566797
1005.0,-0.0024204308094547947,-0.007493048774218914,-0.004958008580722488
1015.0,-0.0028506189890748347,-0.007070191276921105,-0.004961460553780323
1025.0,-0.0026622679403869465,-0.007235795040596713,-0.004950175444243758
1035.0,-0.002463512561337086,-0.007328005873875736,-0.004896975949300393
1045.0,-0.00209925756518516,-0.007123625647270819,-0.004612698326608701
1055.0,-0.0017273374534713956,-0.007159741794191359,-0.004444898404306795
1065.0,-0.002287272094799955,-0.007440552476908488,-0.0048652012504320375
1075.0,-0.002585367593413533,-0.0073401791529686304,-0.00496396267072974
1085.0,-0.00230075352257656,-0.007610882700953516,-0.004957146308157829
1095.0,-0.0025839606703094626,-0.00787545298623445,-0.00523103036311836
1105.0,-0.002631229117922429,-0.007733462822050206,-0.005183622166510611
1115.0,-0.0021301952228045653,-0.007846669497535914,-0.004989862193655665
1125.0,-0.002243651712299427,-0.007797814939208547,-0.005022122561178426
1135.0,-0.0026672030424003956,-0.007582974297197506,-0.005126318227391446
1145.0,-0.002497784551287823,-0.007331805816313499,-0.004916004293671853
1155.0,-0.003211693009752589,-0.007752108168914856,-0.0054830362609593255
1165.0,-0.0031376251422358934,-0.0071830901949928375,-0.005161369540813654
1175.0,-0.002956700645142689,-0.0071694198880057226,-0.005064113973238253
1185.0,-0.0024787771800993006,-0.007279209359554079,-0.004880193978225753
1195.0,-0.0030056631701721767,-0.007348105172763099,-0.005177970325045074
1205.0,-0.002901346804141362,-0.006978313219345,-0.004940849763222722
1215.0,-0.0033027762390549316,-0.007190747094668768,-0.00524773414581523
1225.0,-0.003166931700047803,-0.006720865077743656,-0.004944787316704058
1235.0,-0.0030996930343974386,-0.006218463928374694,-0.004659858564150943
1245.0,-0.0030247734560484908,-0.006193862002073729,-0.004610110397531852
1255.0,-0.002969790755843234,-0.006270698012383945,-0.004621070023747542
1265.0,-0.0028042421938229457,-0.006581741421331389,-0.0046939366548076605
1275.0,-0.0027604859530144057,-0.006661832369319745,-0.00471213498568341
1285.0,-0.003135216103597391,-0.006996484362469346,-0.005066816032998069
1295.0,-0.0032890204833935827,-0.007065833559492603,-0.0051783716970499214
1305.0,-0.0030445693648848294,-0.007278584714687895,-0.00516263607314049
1315.0,-0.0027735900201159903,-0.006665249254650553,-0.00472039303889266
1325.0,-0.0029994762849059886,-0.006600996233246405,-0.004801137089478483
1335.0,-0.0031264267542301842,-0.006540667482682329,-0.0048344011056319575
1345.0,-0.003299568809264049,-0.006973445721622557,-0.005137426194135738
1355.0,-0.0031027321317847706,-0.007335987604490947,-0.00522041871142768
1365.0,-0.0028526534778885925,-0.007264268923329655,-0.005059564656198279
1375.0,-0.0025193301822535384,-0.007628314509849952,-0.005075100231076156
1385.0,-0.0025413965212489555,-0.007508422528273877,-0.005026151902452018
1395.0,-0.002423140469910141,-0.006646758648602918,-0.004536005992017583
1405.0,-0.002049191229280523,-0.006124111558658114,-0.004087670633671514
1415.0,-0.002275655336019157,-0.006176202457630643,-0.004226904521417599
1425.0,-0.002298831532953027,-0.006423971397699643,-0.004362433266192955
1435.0,-0.0023477519371638165,-0.0065025232848056475,-0.0044261768234278645
1445.0,-0.0022370460341524638,-0.006644254612471559,-0.004441752676633252
1455.0,-0.002678225855330808,-0.006918472147916327,-0.004799409593492648
1465.0,-0.003045982185054223,-0.007205295990982267,-0.00512667943664404
1475.0,-0.0035479850240826218,-0.006524022698937915,-0.005036748243119787
1485.0,-0.0036755839678891435,-0.006261783882539021,-0.004969330798629453
1495.0,-0.003296435842029431,-0.006360573661937087,-0.004829271169647068
1505.0,-0.003198735062950335,-0.005762995767494431,-0.004481506801091453
1515.0,-0.003222796970246734,-0.005427624545649451,-0.00432576224058326
1525.0,-0.0030784077043167885,-0.005842375535744941,-0.004461082957657535
1535.0,-0.003327424866135395,-0.00634602168337151,-0.00483747830147112
1545.0,-0.003021111231349344,-0.006189816055043775,-0.0046062562156887294
1555.0,-0.003369423510315477,-0.006583200556934753,-0.004977115879809862
1565.0,-0.0036507526130533604,-0.0062253302981189335,-0.004938685421990616
1575.0,-0.0035854909549644337,-0.005699304897840193,-0.004642926644246955
1585.0,-0.0026405324246796726,-0.004971963912613865,-0.0038068313180934753
1595.0,-0.0023781911235147874,-0.004889100318400597,-0.0036342737622770734
1605.0,-0.0021182051225371143,-0.004614353835847578,-0.0033669038285453505
1615.0,-0.0011903513156145498,-0.0047892732917156535,-0.002990712484249419
1625.0,-0.0008448546586654478,-0.004851758083633831,-0.0028493085981193666
1635.0,-0.00113291947805943,-0.0049003015962756765,-0.0030175528538554514
1645.0,-0.000873356692363495,-0.004813622777857381,-0.002844475294411462
1655.0,-0.0003697497358716264,-0.0045311894321414005,-0.002451510464370763
1665.0,-0.0004178126727251706,-0.004919421900905581,-0.002669743252105066
1675.0,-0.0009006629366561904,-0.005215111850890026,-0.0030589665455775686
1685.0,-0.0011804687966783373,-0.00546269149351283,-0.003322651236315402
1695.0,-0.0016487622126881327,-0.005513900303840637,-0.0035822980261711263
1705.0,-0.001829025048286061,-0.005393922460617614,-0.0036123654246400148
1715.0,-0.0021382741368317685,-0.005488806826234213,-0.0038143785337314408
1725.0,-0.0020528508503346826,-0.005178198960797454,-0.00361630663345763
1735.0,-0.001692681993216018,-0.005119338554794376,-0.003406867366691935
1745.0,-0.002489789952929246,-0.005360269237503235,-0.003925747574026789
1755.0,-0.002576174099179865,-0.005127650661822554,-0.0038525505687359873
1765.0,-0.0026580238393870896,-0.004679336583326222,-0.0036691857923331285
1775.0,-0.002834332616454027,-0.004762867953217937,-0.003799082659857684
1785.0,-0.002892166726981835,-0.004452124955294857,-0.0036725360257877492
1795.0,-0.002791857789385655,-0.004079246059869183,-0.003435873932699076
1805.0,-0.0029847343766233464,-0.0049651837456076466,-0.003975454421137754
1815.0,-0.0029830737284801006,-0.005078941105148988,-0.004031531645773191
1825.0,-0.0025205928323783966,-0.005110953589940619,-0.0038164211253059713
1835.0,-0.002676017299417471,-0.005384472476521478,-0.0040309223404900105
1845.0,-0.0024274280877864944,-0.005580780477664666,-0.004004893015189282
1855.0,-0.0024294984819208695,-0.005386869255761849,-0.003908923581391094
1865.0,-0.002349576899149332,-0.005219116451835725,-0.0037850644192525804
1875.0,-0.002708630183096884,-0.004943353997703525,-0.003826551050834073
1885.0,-0.0026871565782416213,-0.0044793141864080096,-0.0035836836458586242
1895.0,-0.0016392177603097638,-0.004499848965564161,-0.0030702488784960552
1905.0,-0.0012041560522530828,-0.004838122884348559,-0.003022048414481935
1915.0,-0.0008709113192445066,-0.004807653444702737,-0.0028402670598439215
1925.0,1.787212481526462e-05,-0.004981381559609145,-0.002483005156037366
1935.0,0.00013382218073581804,-0.005787121910424321,-0.002828130841355297
1945.0,-0.0007389508345438441,-0.0053349706600929496,-0.003038110327064657
1955.0,-0.001247787593299133,-0.004950924297103484,-0.003100282192500909
1965.0,-0.0014841993643566163,-0.004982017134601483,-0.0032339831413675554
1975.0,-0.001928269282447522,-0.0052070734228589575,-0.003568491463743888
1985.0,-0.002158431123761629,-0.004700799237635147,-0.003430251090681848
1995.0,-0.0020030999741207267,-0.004931092645752869,-0.003467828674286881
2005.0,-0.0020758898769710067,-0.004734614251879612,-0.0034059170780258367
2015.0,-0.0024478008746061366,-0.005081246656443909,-0.0037651824563158776
2025.0,-0.0028642686814217976,-0.004602153509159325,-0.0037336457838417713
2035.0,-0.0028946811258426966,-0.0049354655708055365,-0.003915583799661025
2045.0,-0.0029719586050344373,-0.005330707011115737,-0.004151922790167654
2055.0,-0.002542643439797526,-0.005172124705847819,-0.003858041771988768
2065.0,-0.00233343733935991,-0.00467875672117516,-0.003506683653424567
2075.0,-0.0023324015130349145,-0.004213627656144672,-0.003273485126396474
2085.0,-0.0020699077519370605,-0.003945163763669552,-0.003008004806330503
2095.0,-0.0019281769150862114,-0.0029476716889934324,-0.002438179303233896
2105.0,-0.002239341379902328,-0.0025939732849663416,-0.002416746034761764
2115.0,-0.002110202405320898,-0.0029297350519635074,-0.0025201737142966905
2125.0,-0.001960229259470265,-0.003678899258517049,-0.0028199941414346393
2135.0,-0.0019302945538684172,-0.003679967867927189,-0.0028055688480448913
2145.0,-0.0020340801527729147,-0.004043536719539407,-0.003039311051605577
2155.0,-0.001644759756395301,-0.005092406187975575,-0.003369445314964723
2165.0,-0.0009421761528518563,-0.0050484976905288935,-0.0029963640156217596
2175.0,-0.00044837032983414466,-0.004959108648081019,-0.0027048677376614954
2185.0,-0.0005160416450369073,-0.004482229914573691,-0.0025001278228942276
2195.0,-0.0005232380534863324,-0.004256636276435165,-0.002390870981424718
2205.0,-0.0009005267755696537,-0.004060274291307724,-0.0024811908654836456
2215.0,-0.00158769983272095,-0.003764769039292878,-0.002676778975578343
2225.0,-0.00173724505478206,-0.003994107233205432,-0.0028662406417872487
2235.0,-0.0017389972986946176,-0.003923448390846898,-0.0028317692307367787
2245.0,-0.0015868185711192533,-0.004403693476945045,-0.002995960595044112
2255.0,-0.001217680288814577,-0.003856201437020354,-0.0025376008231846508
2265.0,-0.0010875102938376591,-0.0039010363445981058,-0.0024949770525972623
2275.0,-0.0009949243695543215,-0.003870390080337893,-0.0024333764509868235
2285.0,-0.0004356751466592731,-0.0042651255968063195,-0.0023513582132660997
2295.0,-4.825896981861666e-05,-0.003919844751388154,-0.001985020241239096
2305.0,0.00038367167327561655,-0.0038871489655110053,-0.0017528068853970306
2315.0,0.0003476329532938914,-0.004151846546427259,-0.0019032322291579098
2325.0,0.00013959347490965666,-0.00395883143821884,-0.0019106441004422678
2335.0,0.00041316445362112075,-0.0037956177002648472,-0.0016922793452212846
2345.0,-0.00023121393075741396,-0.003820196602055512,-0.002026602960921545
2355.0,-0.0007490274039866619,-0.004219068237609463,-0.0024849157649785582
2365.0,-0.0007161902229241647,-0.00439049837206112,-0.0025542633340482042
2375.0,-0.00061842077106507,-0.004041240165015916,-0.002330686600955438
2385.0,-0.000943378679920323,-0.004016328865825198,-0.0024806223947301657
2395.0,-0.0008925800762440773,-0.0036772497692843897,-0.002285611438445334
2405.0,-0.0010857142844938094,-0.003347395022812998,-0.0022171203566895017
2415.0,-0.001338704954157636,-0.0031087696020957083,-0.002224180015657422
2425.0,-0.001280862204019375,-0.0031321318559654173,-0.0022069600789298514
2435.0,-0.001768336286290828,-0.0028383082585482044,-0.0023035898992259836
2445.0,-0.001678151367751353,-0.0030507387134610328,-0.002364788359101868
2455.0,-0.0008231760136589622,-0.0025981036085009693,-0.001711083764955614
2465.0,-0.0004124479467060661,-0.002424990469602926,-0.0014192225954788825
2475.0,-0.00033515573677077125,-0.002794664720162109,-0.0015655254133047072
2485.0,-0.0004201082365702254,-0.0030110317015627514,-0.0017162180239601835
2495.0,-0.0005235125213196418,-0.003217559183797857,-0.001871209701148664
2505.0,-0.0012722389381599134,-0.0036028904154736664,-0.0024381476311632917
2515.0,-0.0017188427458471572,-0.003319894710446533,-0.0025197691913696066
2525.0,-0.0016087689946638769,-0.003285075663018506,-0.0024473416151514354
2535.0,-0.001159010428189602,-0.003679037389275618,-0.002419654230633832
2545.0,-0.0010860901610846901,-0.004032891139865387,-0.0025602277192541233
2555.0,-0.0008239176726949684,-0.003874074066987669,-0.002349758790400171
2565.0,-0.000505631479141708,-0.004157554702258494,-0.0023325065282246427
2575.0,-0.0006961697235313552,-0.003551851583069947,-0.0021247249309043377
2585.0,-0.0005720538159293282,-0.003343508208215644,-0.0019584742222756592
2595.0,-0.000699444574447434,-0.002891726614277286,-0.0017961339390446585
2605.0,-0.0007047814268104218,-0.002757098347444844,-0.0017314532230257404
2615.0,-0.0007038285025243437,-0.0028198600745294243,-0.00176237356105615
2625.0,-0.0008754069789709454,-0.0034478072241734482,-0.0021622505233443836
2635.0,-0.0014416129932579133,-0.0034187641177966725,-0.002430683090575952
2645.0,-0.0015203150280642505,-0.0033565639025269775,-0.002438898757160162
2655.0,-0.0024277563515121936,-0.0033798023474641012,-0.0029040174800524176
2665.0,-0.002636498340118098,-0.0036243891335256194,-0.0031306908330683337
2675.0,-0.002195511496200004,-0.003887649962540672,-0.0030420039756100434
2685.0,-0.001797677787777735,-0.004342001647719371,-0.003070476116913121
2695.0,-0.0015626612543465208,-0.0046494444902160465,-0.003106824954131176
2705.0,-0.0010659758729766203,-0.004881896110893104,-0.002974890449222985
2715.0,-0.0009699535482125269,-0.004928894296710496,-0.002950414152763787
2725.0,-0.0014041222500337709,-0.00476444767114881,-0.003085125462197372
2735.0,-0.0013371209223466054,-0.004013044393550081,-0.0026757519734739066
2745.0,-0.0013543727977997373,-0.00429264899562113,-0.002824245833228148
2755.0,-0.0016509530861235412,-0.004456074852046732,-0.003054215600342246
2765.0,-0.001599814860898775,-0.0044536139495903624,-0.0030274282119200796
2775.0,-0.0017731826690203514,-0.003983121925589512,-0.0028787050584996713
2785.0,-0.002161099823242366,-0.003947631042692228,-0.003054812289200276
2795.0,-0.002236979949426947,-0.003504679337835114,-0.002871146727019827
2805.0,-0.0018182913183911798,-0.003461217010578548,-0.0026401651013763564
2815.0,-0.0017494700670576786,-0.003138603403502202,-0.002444384192342583
2825.0,-0.001911600387747958,-0.0030960053720769792,-0.002504099129283236
2835.0,-0.0019355835500906838,-0.003412641616550536,-0.0026744820325618457
2845.0,-0.0015438451330556564,-0.003064414604196645,-0.002304510201160203
2855.0,-0.0012657437611924398,-0.0032262946708091476,-0.002246509598919657
2865.0,-0.0013840154832797343,-0.0033929759415528677,-0.0023889982037765497
2875.0,-0.0014405981378181273,-0.003785899587478707,-0.0026138354813201683
2885.0,-0.0016240706165969439,-0.003787126447042101,-0.002706139566294371
2895.0,-0.0018926936354801255,-0.004020432604133384,-0.0029570953206493394
2905.0,-0.0021156117373490584,-0.0038224199591670185,-0.0029694427637712495
2915.0,-0.002123818097422734,-0.003776240879530087,-0.002950442800828113
2925.0,-0.0016679697477269696,-0.0043180801134501965,-0.002993687789609524
2935.0,-0.0012641963703261042,-0.0041934093542964545,-0.0027295355318920625
2945.0,-0.0013908533041434897,-0.0037863002464910097,-0.0025891759366334947
2955.0,-0.001267961642777853,-0.0034324722263881996,-0.0023507583329281014
2965.0,-0.0013738363269616052,-0.0031788492790401504,-0.0022767942819783863
2975.0,-0.0014730767032923504,-0.0031985680687928834,-0.00233625397467831
2985.0,-0.0010242226105366319,-0.0032408473600698926,-0.0021330894187073473
2995.0,-0.000899052910150837,-0.003378403565561166,-0.002139348385593723
