Position,Group_1,Group_2,Group_3,Group_4,Group_All
-2995.0,-0.002258328393230786,-0.002644419811185842,-0.0030500990237294578,-0.0033396688659876887,-0.0028231277224931716
-2985.0,-0.0023787945602029284,-0.00250850769278297,-0.0030846201498843672,-0.003228129441246671,-0.002800013146991368
-2975.0,-0.002437515968944878,-0.0025504524761282613,-0.0030517647635530834,-0.003091996152369437,-0.002782931360237075
-2965.0,-0.002373948908076319,-0.0027289905166068607,-0.002978910602440321,-0.003077743778697149,-0.0027898949979528135
-2955.0,-0.0024016516922675288,-0.0027047227342287786,-0.0029389376497923757,-0.0031708814096463953,-0.002804047412740009
-2945.0,-0.0022422636974333107,-0.002648465651477681,-0.002888067347807841,-0.0032011784722603513,-0.0027449925374484732
-2935.0,-0.0022089470512177745,-0.002706078806612982,-0.0029484754846398472,-0.003290478328090513,-0.0027884928266159632
-2925.0,-0.002268511916543928,-0.002689700897633607,-0.003063719217625764,-0.0033931461304467034,-0.002853768303676909
-2915.0,-0.0024217386365049344,-0.002511488101370124,-0.003143420920011421,-0.003501154159542153,-0.0028944540665825132
-2905.0,-0.00269029571619899,-0.002538676410580498,-0.003156902871942962,-0.003534055389546453,-0.0029799897245248097
-2895.0,-0.0031745544945971714,-0.002472248700832287,-0.003221331501125119,-0.003433615529670475,-0.003075449884558397
-2885.0,-0.00310637876164907,-0.0024996435752133155,-0.003046799340051851,-0.0034493050872645026,-0.003025545294874599
-2875.0,-0.003140946023916742,-0.0024394084832548525,-0.002966553335174902,-0.0035085434433706564,-0.0030138795832728325
-2865.0,-0.0031785842104002883,-0.002525907591474972,-0.002914100863797989,-0.0035586750108023367,-0.003044334405110781
-2855.0,-0.0031879987256232555,-0.002418635743647724,-0.00280587154740788,-0.003424242324512181,-0.002959205790934239
-2845.0,-0.003309174282928015,-0.0024104881355258945,-0.0027327045329941105,-0.0034061154115946784,-0.0029646417814792004
-2835.0,-0.00356719448988259,-0.00244785798811172,-0.0028460542785468056,-0.00339931166249975,-0.0030651271501029365
-2825.0,-0.003475788830425535,-0.0024165290630711483,-0.00289434301307639,-0.0034398917592026947,-0.0030566597980894034
-2815.0,-0.003523925649875217,-0.002417928637303428,-0.002715901982868057,-0.0034406993551590963,-0.0030246385840712355
-2805.0,-0.003766776588147934,-0.002390150783064,-0.0027047085533933543,-0.003587606665461589,-0.0031123411042471493
-2795.0,-0.003749946775651377,-0.002398190110842842,-0.002770909008664615,-0.0037546842327232147,-0.0031684640132328304
-2785.0,-0.004156180677264533,-0.0023418792555846444,-0.002684483905233652,-0.003704928084955689,-0.00322190619105781
-2775.0,-0.004189409768918487,-0.002480958576554935,-0.0026209472511646743,-0.003694431089070393,-0.0032464741698774147
-2765.0,-0.004109214694948578,-0.0024621759057529796,-0.00271453385451527,-0.0037393866405741293,-0.003256363789092712
-2755.0,-0.004063373106001663,-0.00256986543562196,-0.002701730964739169,-0.003806190381978132,-0.003285324990782158
-2745.0,-0.003951271603713554,-0.0025394485311464217,-0.002716461908006193,-0.0038142167938445635,-0.0032553835364537713
-2735.0,-0.0033866658697620533,-0.0024839762481758372,-0.0027340378315128464,-0.0037404576433620017,-0.003086310131602568
-2725.0,-0.0034495260584233604,-0.002381309400693138,-0.002667744407663889,-0.0036977741384640384,-0.0030491167841383633
-2715.0,-0.003710615969449414,-0.0024831107783072227,-0.0027731492680321884,-0.0036878938415152713,-0.003163721340286619
-2705.0,-0.003761503829357756,-0.002625040702463185,-0.0028167182739143094,-0.003549714806886957,-0.0031882696021049758
-2695.0,-0.0035253322052514378,-0.002670925616391181,-0.002741469219278186,-0.0034716202447508024,-0.0031023581800960483
-2685.0,-0.0032860814639649187,-0.0025738969303793174,-0.0026899622154102163,-0.003425551628650449,-0.0029938925745355387
-2675.0,-0.003337433571318912,-0.002547917551106774,-0.002698498960623105,-0.0033799187736391536,-0.002990962041311594
-2665.0,-0.0033132954268313254,-0.0024834357734130103,-0.00273714531249907,-0.003356165714821892,-0.002972530086735177
-2655.0,-0.003612498506606887,-0.0023690957409778996,-0.0029152063390463613,-0.0034420862413596285,-0.003084745569113777
-2645.0,-0.0036423198521089006,-0.0024303849269706333,-0.0029811675012872342,-0.0034590615248311037,-0.003128256228958236
-2635.0,-0.00408124962724869,-0.0025697464211658395,-0.0030979837091680597,-0.0035857797324573442,-0.003333716821601877
-2625.0,-0.004048443088816122,-0.002610344256622374,-0.003313405697606325,-0.0035431617818006064,-0.003378861187676235
-2615.0,-0.0038428440547883056,-0.002564278122839012,-0.003218968254295444,-0.0035695030977238016,-0.003298920341499032
-2605.0,-0.003673879369339807,-0.0025948680061899042,-0.003168452241304697,-0.0035976430600529715,-0.003258730998684587
-2595.0,-0.0035871258045647304,-0.002513928092282356,-0.0032199354451812314,-0.003691417106410089,-0.0032531224332582173
-2585.0,-0.003961677995266998,-0.002600667179897801,-0.0032517683802688723,-0.0037201304913177875,-0.0033835856702974297
-2575.0,-0.004046728565668345,-0.0025882453935108978,-0.003219224601030703,-0.0037600207640624676,-0.0034035817798918374
-2565.0,-0.003934019803189949,-0.0024968968942355634,-0.0033021360896758594,-0.003659654337594394,-0.003348200971624646
-2555.0,-0.0036733582145744115,-0.0027451616669790214,-0.0032462470128941587,-0.0035558496861254267,-0.003305170829771777
-2545.0,-0.004192447515849066,-0.0030096263456232185,-0.003190810969324939,-0.0033427258204194116,-0.00343392065406988
-2535.0,-0.003956113536282266,-0.002945425281263299,-0.0031578254817678235,-0.0032828976005935305,-0.003335580784196197
-2525.0,-0.0039907876322148655,-0.0029645378225040568,-0.003151917522274995,-0.003316891100297461,-0.0033560495761431894
-2515.0,-0.004143212055623382,-0.00303776644635811,-0.003066039523264859,-0.00336658077283321,-0.003403418651194808
-2505.0,-0.0038907401022577216,-0.002857100674931642,-0.0029526466850914807,-0.0033714593131055843,-0.003268006271838403
-2495.0,-0.0036045221922512373,-0.002770831058566862,-0.0028992524107477485,-0.0035203812936997103,-0.0031987663487265724
-2485.0,-0.0036502714717878302,-0.0028646372508858717,-0.0028220363448782163,-0.0035604925709132656,-0.0032243799532412345
-2475.0,-0.00366509979524901,-0.00292580512136049,-0.002679037027423267,-0.0035605995383324518,-0.003207657218561122
-2465.0,-0.0036309310601072933,-0.0031046773854300014,-0.002605723764025957,-0.0035715611223171625,-0.003228243445266337
-2455.0,-0.0035615188810029317,-0.0030061217266825354,-0.0026379009326934263,-0.0035800424471566627,-0.0031964161826102703
-2445.0,-0.0035212114508541255,-0.0028008237786537496,-0.0027462935896181667,-0.003511984508820886,-0.003145098363239649
-2435.0,-0.00323318541379168,-0.0026150991802333066,-0.0028547834368918444,-0.0034369099581305,-0.0030350106752522732
-2425.0,-0.0032059080179034113,-0.0025554812114067012,-0.0029931348178039007,-0.0033879094057059226,-0.0030356224517556173
-2415.0,-0.003183033913065313,-0.002525280467690333,-0.002988618727979401,-0.0033504673191054935,-0.0030118638504501405
-2405.0,-0.0031266134179441475,-0.002503966457237691,-0.003079450940647189,-0.003368576318491567,-0.0030196640736046615
-2395.0,-0.002914263056891968,-0.0026464486318942726,-0.0030623440600762767,-0.003390091304994287,-0.003003294791200087
-2385.0,-0.003356798674255758,-0.0027484058985434933,-0.0031226547488378805,-0.003403512921566451,-0.0031578550472535355
-2375.0,-0.0032645243030746452,-0.0027941516642644173,-0.003173900769490028,-0.0034282625037364975,-0.0031652195790308813
-2365.0,-0.0033472644103355403,-0.0027518074838894214,-0.0034396835138775185,-0.0034413106541834005,-0.003245024563828152
-2355.0,-0.003779791446383162,-0.0028845482136293015,-0.0034257502390368485,-0.003468905842220207,-0.00338976158424761
-2345.0,-0.0037744155812433683,-0.00291740211894725,-0.003406809166945099,-0.003400061655061851,-0.003374683591512761
-2335.0,-0.0035443558803809833,-0.0030405196140553406,-0.003379764709525866,-0.0035421970777424136,-0.0033767183012402254
-2325.0,-0.003637936228763343,-0.0031165005718815585,-0.0034162749317362727,-0.0035756364721254005,-0.0034365962277751213
-2315.0,-0.0038232389871762965,-0.0030570119719925486,-0.0034196443571268163,-0.0036834760808839673,-0.0034958567337336163
-2305.0,-0.004331636148202916,-0.0030499804780065695,-0.0033889496321378434,-0.0037875100244269644,-0.0036395417187776637
-2295.0,-0.004522156374147016,-0.003040419042440109,-0.0035193274997098144,-0.00398227808705051,-0.0037660714638082194
-2285.0,-0.004488914125693622,-0.002893722376515005,-0.0036001997099727396,-0.004002612651012305,-0.003746389142049162
-2275.0,-0.0046459554286749725,-0.0028166943908777492,-0.003563643512226038,-0.00406761374162534,-0.003773508218602645
-2265.0,-0.004719239567499086,-0.0029003954178821573,-0.0035215225799709133,-0.004005169062069909,-0.003786612692745845
-2255.0,-0.00485271523583802,-0.0029392854760708076,-0.0035019595499371794,-0.00396004463326038,-0.00381353319006283
-2245.0,-0.005203027955813753,-0.0029576837382041484,-0.003328177578496592,-0.003942717149134446,-0.003857940154554795
-2235.0,-0.005497358298943988,-0.002987111060419148,-0.003227601161480366,-0.0038160531487634523,-0.0038820726856017957
-2225.0,-0.00539238056976272,-0.0029145774072253205,-0.003296228344321038,-0.0038219605292939642,-0.0038563271981113135
-2215.0,-0.00526248204512854,-0.0029130886985791167,-0.0032137988350636115,-0.00383362332619704,-0.0038057882491276877
-2205.0,-0.005203158934394977,-0.0028421425781617665,-0.0032865160413636865,-0.0038091712895243226,-0.003785286080646118
-2195.0,-0.00524388837389653,-0.002773525799184483,-0.0033364334184273372,-0.0035808805643218946,-0.0037337186326077557
-2185.0,-0.005292357976979366,-0.0027549350688799595,-0.0032887853601209424,-0.0036419808773975803,-0.00374455378426746
-2175.0,-0.005433935428225524,-0.002716181009041565,-0.003193521009124455,-0.003665802599167493,-0.003752403010742879
-2165.0,-0.005508798326174219,-0.0026578883947964427,-0.0032659920803658443,-0.00372217928229,-0.003788759098158113
-2155.0,-0.00562905758595175,-0.00270840566826389,-0.003371464239200907,-0.0037414109205302936,-0.0038626289583500173
-2145.0,-0.005485057734573518,-0.0028497616590503253,-0.003411337843778371,-0.003965637645908788,-0.003927991714248218
-2135.0,-0.005453352526134471,-0.002852232222456813,-0.003436378770619647,-0.004007575471474388,-0.003937427508185221
-2125.0,-0.005218043835840038,-0.0029098623103035104,-0.003317159460026146,-0.0039821799420550795,-0.0038568514636455014
-2115.0,-0.00499518753114788,-0.0030458580167018303,-0.0031966965834974133,-0.003813548824865786,-0.0037628573293071203
-2105.0,-0.0046106793823354735,-0.0031404017228355945,-0.0032099004801242545,-0.003827704537962878,-0.0036971996766294707
-2095.0,-0.004547109156951362,-0.0030736687752081866,-0.0032581457726465536,-0.003691077910051674,-0.003642526100222224
-2085.0,-0.004488226496868733,-0.003219407166430047,-0.003232059220730486,-0.0035771284563483542,-0.0036292270891323366
-2075.0,-0.004431509024811121,-0.0033815760949936716,-0.003250233597960676,-0.003585790502281996,-0.003662295980401877
-2065.0,-0.004448488569425625,-0.003493832105036862,-0.003332768066446959,-0.0038644603209896907,-0.003784907300368823
-2055.0,-0.004202258287562974,-0.003486420249378939,-0.0032912802324710122,-0.004092824513375586,-0.003768216273901407
-2045.0,-0.004502602545921001,-0.0035905953964149046,-0.003442927144108001,-0.004269391258516992,-0.0039514025195618386
-2035.0,-0.004131155663321949,-0.003572710271459891,-0.003618978292829215,-0.004387423326033821,-0.003927584773924038
-2025.0,-0.00424733783705798,-0.0035197451111731786,-0.003743419117545033,-0.004442675483168951,-0.003988313620118848
-2015.0,-0.004533976024703092,-0.0032749718772636413,-0.003908058564439601,-0.00431725594571866,-0.004008588089168208
-2005.0,-0.0048064411280474405,-0.003226919404734024,-0.0039159315191092895,-0.004162386133425921,-0.004027944159155201
-1995.0,-0.004537172388107652,-0.0030762982107252848,-0.0037539311550398575,-0.004188734573873239,-0.003889059634284546
-1985.0,-0.004837155085347529,-0.0030732852313824044,-0.0036801875691282846,-0.004164830893760778,-0.003938895003218474
-1975.0,-0.005166303389628802,-0.0029886352725673757,-0.003570152357067134,-0.004097800873103442,-0.0039557594387820035
-1965.0,-0.005648641335086719,-0.0030447880099019396,-0.003589346498637194,-0.0041614643476581715,-0.004111102857590432
-1955.0,-0.005730620796235538,-0.0031232795256237577,-0.0037783848292937553,-0.004209502088465037,-0.004210487766104039
-1945.0,-0.005403619182684257,-0.0032217123574709277,-0.003754092966059918,-0.004273850698704386,-0.004163355217692883
-1935.0,-0.005406582909310911,-0.003185512789967542,-0.0036834510481385955,-0.004425445815850059,-0.004175288080765112
-1925.0,-0.005188407635835184,-0.00319145462180902,-0.0037395084903844565,-0.004576951790968278,-0.004174118840339284
-1915.0,-0.0047900434635598,-0.003174595238346188,-0.0036240192067196596,-0.004511461941003531,-0.004025063699547526
-1905.0,-0.004787154720871403,-0.0030681450975015667,-0.0035271214579007445,-0.004505548904929389,-0.003972028904780347
-1895.0,-0.004910542168955802,-0.0028687385821453922,-0.0035701040631672385,-0.004455066568815205,-0.0039511522964380315
-1885.0,-0.00443901008454278,-0.0029034162783422865,-0.003691649176905954,-0.0044508864166510785,-0.0038712714217552374
-1875.0,-0.00427189521553103,-0.003064195857584723,-0.0036931045379234215,-0.004404509838764508,-0.003858452230578634
-1865.0,-0.004052351969692108,-0.003078652038623655,-0.0037502653871954593,-0.004407464535186748,-0.0038222054660017025
-1855.0,-0.003760245855044931,-0.003124067086167707,-0.003714780393089016,-0.0042989077664347215,-0.0037245167240187063
-1845.0,-0.003946750577823407,-0.0033250425634367255,-0.0038448232967625093,-0.0042299973512640015,-0.003836667019355802
-1835.0,-0.00390864176810496,-0.003401231973746066,-0.0038545068671704923,-0.0040769094707762575,-0.0038103323572869913
-1825.0,-0.00398456964141719,-0.0032481762654811837,-0.0038546803930543626,-0.003939803788940029,-0.003756818595668652
-1815.0,-0.00435792520015171,-0.003220468176767234,-0.003781251700111664,-0.003941962922530427,-0.0038254194982491013
-1805.0,-0.004653548465982922,-0.003114949181270637,-0.0037186245172772794,-0.004009181087921271,-0.003874100468796633
-1795.0,-0.004453485830555958,-0.002999929600555038,-0.0035693783231874965,-0.004024849914062208,-0.003761936649389481
-1785.0,-0.00468246903730994,-0.0030010766078989995,-0.003402617118418667,-0.003993259597169617,-0.003769886215568748
-1775.0,-0.004921899789617862,-0.003027408808305468,-0.00339120275217398,-0.004223760447081101,-0.0038911047079169705
-1765.0,-0.005061881913790642,-0.00310419053732729,-0.003487076191385643,-0.004168789286607123,-0.003955520059520243
-1755.0,-0.004812524770363469,-0.0031415384394345145,-0.003506264912774689,-0.004140333613347366,-0.0039001965044365727
-1745.0,-0.004705601430331249,-0.003304427018055037,-0.0035488111775498887,-0.004284515148987441,-0.003960867497289211
-1735.0,-0.005258227827707816,-0.003149528459140283,-0.003576198738738869,-0.004384892139097874,-0.0040922511154927845
-1725.0,-0.005162544233273537,-0.0030521306070669316,-0.0036682007818637356,-0.004365368606655073,-0.004062098901360112
-1715.0,-0.005013905951261517,-0.003126777955267776,-0.003585576182265177,-0.004487871678472434,-0.00405357054120601
-1705.0,-0.00517313130606713,-0.0032310106878884978,-0.0035687693189873203,-0.004633895180512289,-0.004151742158847711
-1695.0,-0.005221340193120749,-0.0032182776903705037,-0.003583153374473866,-0.004686443489776631,-0.004177345558297626
-1685.0,-0.005129729457020993,-0.00338838249764368,-0.003804444757270705,-0.0048168680308963655,-0.004284893304517353
-1675.0,-0.005091968954586827,-0.003479918033520516,-0.0038209180588922435,-0.0048009462142529985,-0.004298472754643987
-1665.0,-0.0048108206248308125,-0.0033581460151808637,-0.0039035434925126654,-0.004901815252552205,-0.004243614383234275
-1655.0,-0.004430116724455312,-0.0033985693762882832,-0.00400450532970668,-0.004836855310236883,-0.004167536809145056
-1645.0,-0.004852958277223498,-0.0034523184545252137,-0.0040584530200100544,-0.00481432305762993,-0.004294542270523434
-1635.0,-0.004432937166447681,-0.0035399758602203293,-0.004188027098844025,-0.004794846198022742,-0.0042389667968270464
-1625.0,-0.00426556449734856,-0.0036340473230248136,-0.004179704745898898,-0.004761797922370525,-0.004210294980740938
-1615.0,-0.004045985384815083,-0.0037471274623827053,-0.004219555862897479,-0.004727911452079093,-0.00418515592119156
-1605.0,-0.003771386267893163,-0.003708909307493345,-0.004180255322494209,-0.004818991107753055,-0.004119894953243587
-1595.0,-0.0034691819317750794,-0.003606293016282999,-0.004188232953047984,-0.004866281770210526,-0.004032504709274296
-1585.0,-0.0039014731676302048,-0.003469996906447523,-0.004076743805873017,-0.004874173282388626,-0.004080613355335715
-1575.0,-0.0042299442033272155,-0.0035082214213705467,-0.004241351395755921,-0.00488146711346209,-0.004215264390066258
-1565.0,-0.004701929314561853,-0.003626662169032116,-0.004243486860080699,-0.004877901591469269,-0.00436251802904771
-1555.0,-0.005058507892389576,-0.003538570802277809,-0.00438810440017718,-0.004810502158926857,-0.004448947494696547
-1545.0,-0.005088507243835481,-0.0036382009614740435,-0.004414287666112599,-0.004687030896534676,-0.004457029917436884
-1535.0,-0.005829297424746311,-0.003708599786982473,-0.004273900094981267,-0.004713227955306304,-0.004631290822776128
-1525.0,-0.005886310742709565,-0.003745247693412873,-0.004067150569794554,-0.00478441272168809,-0.004620818960035217
-1515.0,-0.005754006688283544,-0.003729850233586375,-0.0041419120956252085,-0.0048256699028540965,-0.004612896230791758
-1505.0,-0.005500958994353677,-0.0037619599973899563,-0.004088770711748548,-0.004809979379647058,-0.004540450432585436
-1495.0,-0.005487610936354253,-0.0037084317829268335,-0.003969716098856776,-0.00471030594669006,-0.004469050155850875
-1485.0,-0.005125938492635817,-0.0036161193829190924,-0.004159627021359076,-0.004588322260069517,-0.004372527919002014
-1475.0,-0.0055807037255430625,-0.0035389255344508773,-0.0042391599599547,-0.004642729664643774,-0.004500412682649907
-1465.0,-0.005447774610027755,-0.0034556585180874613,-0.004140817660444578,-0.004691644029910532,-0.004434007981622776
-1455.0,-0.005417327446144795,-0.0036209204409999867,-0.004216371272480646,-0.004752483534679555,-0.0045018071142306285
-1445.0,-0.00540092929076573,-0.003648365950473646,-0.004346072138866323,-0.0048357768364829514,-0.0045578162782809566
-1435.0,-0.004811772877953778,-0.0036544485754713926,-0.004459746351058138,-0.0049498770073121,-0.004468983409437216
-1425.0,-0.004583874661439336,-0.0037114003983365652,-0.0044948582850495794,-0.005123376102339681,-0.004478397594067135
-1415.0,-0.004885078531323171,-0.003762227169921449,-0.004610308392435653,-0.005335846947501904,-0.004648390175240232
-1405.0,-0.004979122473774853,-0.00362472598340385,-0.00463665219980152,-0.005429476650367712,-0.004667523269805401
-1395.0,-0.005115841208958322,-0.0035212167203306087,-0.004791039368714809,-0.005554015007997715,-0.00474555985522641
-1385.0,-0.00482861522466848,-0.003593522702480947,-0.004802267531022972,-0.005704674046034839,-0.004732298687976072
-1375.0,-0.004494667608623886,-0.0036715059617735564,-0.004939200194517884,-0.005595834762802735,-0.004675322078500593
-1365.0,-0.004518753384439526,-0.003524591957897119,-0.004850185564951272,-0.005530487897881159,-0.00460602727183952
-1355.0,-0.004620844074339233,-0.003581755811581827,-0.004674884253213252,-0.005573413233175327,-0.00461275046074122
-1345.0,-0.004932588024200497,-0.0036602239224514657,-0.004615298098817196,-0.005656519096086078,-0.004716188470824446
-1335.0,-0.005442255990835795,-0.003560464890532891,-0.004667506258976718,-0.00565781495612646,-0.004832049237923399
-1325.0,-0.005838893490112783,-0.003522846142263572,-0.004700168606135948,-0.005901380045149865,-0.0049908694809924666
-1315.0,-0.005888892267563058,-0.0035957329975473086,-0.004752540882433775,-0.0060092160320206105,-0.005061643394063825
-1305.0,-0.005871178005928657,-0.0036514652593329353,-0.004833006882837403,-0.0060387929219708186,-0.00509865694073665
-1295.0,-0.005726117889714591,-0.0035701646285828067,-0.004814847548705496,-0.00600639717698302,-0.005029426932888016
-1285.0,-0.005558241305234086,-0.0037531692304955387,-0.004672170996873706,-0.005942815358772419,-0.004981640681252799
-1275.0,-0.005731577032203694,-0.0036754773769220876,-0.004653962348279292,-0.005823572202584846,-0.004971190720203303
-1265.0,-0.005867999168111952,-0.0036911953847581793,-0.004605406046766601,-0.00584552154643633,-0.005002576594092038
-1255.0,-0.00598305034917381,-0.003676066263209087,-0.0045914316689239865,-0.005913988219803993,-0.00504118304883189
-1245.0,-0.00565176925427675,-0.003755205238965387,-0.0045765375770803335,-0.005869005288360451,-0.0049631723254868546
-1235.0,-0.005876599574036453,-0.0036695015645040324,-0.00449650121114045,-0.005940953095056694,-0.0049959380814072665
-1225.0,-0.005622806950660528,-0.0036208455548961075,-0.004407428644335114,-0.0059683693657610224,-0.00490491065422884
-1215.0,-0.005148079968661474,-0.0036434353975822566,-0.004313225473300376,-0.00583138115118711,-0.004734071242820144
-1205.0,-0.005011615892518744,-0.003692221332039441,-0.004354363034313814,-0.005825514983608577,-0.004720966425146884
-1195.0,-0.0051511385124919555,-0.003909634170129884,-0.004415042723009982,-0.005835445799017236,-0.004827851181728102
-1185.0,-0.005733411924668178,-0.0039653881205471125,-0.004537530890797155,-0.005828020108908574,-0.005016128987749668
-1175.0,-0.005917162725823078,-0.003998076745418512,-0.0045533244430124116,-0.005887826642808561,-0.005089141495255561
-1165.0,-0.006202309310914095,-0.0040008237192626014,-0.004576628934108946,-0.005951750444671431,-0.005182926312288093
-1155.0,-0.006580351369861215,-0.004028253745067688,-0.004597724572675805,-0.006013181464681503,-0.005304931267805698
-1145.0,-0.00638465357938099,-0.004021063398241756,-0.004635215962633273,-0.006198702691496089,-0.0053099618420636265
-1135.0,-0.006356119462444176,-0.004047288518407679,-0.004641591465049373,-0.006316211336127158,-0.005340356389511722
-1125.0,-0.0060492569984436865,-0.004211001144852119,-0.004712468104424955,-0.006340444058330517,-0.005328339298783368
-1115.0,-0.0060344144248522125,-0.004344308664950693,-0.004953132889207255,-0.0063252383498774815,-0.005414314858590333
-1105.0,-0.0063392527454614,-0.004378179284948003,-0.005050419076953732,-0.006360235811263712,-0.005532065818865139
-1095.0,-0.006367611484753383,-0.004350442628364284,-0.005130594243101387,-0.006290531375099765,-0.005534837757895596
-1085.0,-0.006433299903062961,-0.00435940497966422,-0.005195644440072442,-0.0062514994939657596,-0.005560004390932831
-1075.0,-0.006681971490126765,-0.004438303239771006,-0.005254674905700174,-0.006232540303466212,-0.005651915908684303
-1065.0,-0.006578026801598918,-0.004241842477696545,-0.005271411725749283,-0.0062712612145824,-0.005590680522203556
-1055.0,-0.006550255810786747,-0.0041259978415850345,-0.005374091942067857,-0.006201826046658893,-0.005563086744750205
-1045.0,-0.0067956543753999975,-0.004033191174161061,-0.005419313103838286,-0.006281763474132141,-0.005632529393067585
-1035.0,-0.006794385432487641,-0.004037968346875575,-0.005416979057283302,-0.0064350159165438795,-0.005671138065177214
-1025.0,-0.006680410058487865,-0.004023068905570321,-0.005426587592322605,-0.006509716944456302,-0.005659996294016965
-1015.0,-0.006616298185809291,-0.004208617879759101,-0.005516862759019776,-0.006670924013495189,-0.005753223719193031
-1005.0,-0.006580751831978827,-0.004298249841368166,-0.005513012548193138,-0.006896140433852837,-0.005822088073858975
-995.0,-0.006410322307685605,-0.004376453228528569,-0.005599493091430474,-0.006929100540624024,-0.00582888762927168
-985.0,-0.005772688529863573,-0.004394293413303172,-0.00572830857663372,-0.006944626877680147,-0.005710014324209987
-975.0,-0.005600274024325315,-0.004305393041446432,-0.0057458632076986885,-0.006898971957572032,-0.005637658554872451
-965.0,-0.005472316162298922,-0.004433091869388339,-0.005689748626689426,-0.006824861288104198,-0.005605033795092674
-955.0,-0.004976295151070927,-0.0044066917976995435,-0.005864377710779987,-0.006702210693700438,-0.005487412809525539
-945.0,-0.004991265613481547,-0.004446047382115656,-0.005774314997842963,-0.006704497157461948,-0.005479051175044111
-935.0,-0.00502375279179751,-0.004472251390923159,-0.005738678182551761,-0.00674860684004554,-0.005495843348265093
-925.0,-0.005415787059525661,-0.004598323012289709,-0.005780497243921346,-0.006874877388086723,-0.005667396946217781
-915.0,-0.0055892842779029835,-0.004522973054349022,-0.005815552619025587,-0.006864504108609708,-0.005698107027166697
-905.0,-0.0058289778009410435,-0.004472695785619172,-0.005729862330557152,-0.006823965627361702,-0.00571390841552226
-895.0,-0.006004646087480957,-0.004373302606537742,-0.0057172791511069035,-0.006844140505158478,-0.00573487926615563
-885.0,-0.006268042483373038,-0.004509960739301368,-0.0057673585129793615,-0.006890160212783384,-0.005858919319311853
-875.0,-0.00650354742315138,-0.0044144781283869255,-0.005882161032784599,-0.0069145480895849674,-0.005928725743426442
-865.0,-0.00665475421824121,-0.0043524767439372496,-0.0058863549774291115,-0.006901827442613887,-0.00594889806639889
-855.0,-0.006620197412531351,-0.004521977628202474,-0.005801000432505592,-0.006936227515017696,-0.00596989433156402
-845.0,-0.006780736346867962,-0.004597302691629178,-0.005784262849319712,-0.006996140224771462,-0.006039656294457408
-835.0,-0.006690064909844683,-0.004606120183629272,-0.005829501436927525,-0.006964792546728974,-0.00602266316222805
-825.0,-0.006634518727488721,-0.004621151784024358,-0.005809090535162972,-0.006930289736690762,-0.0059988049475016075
-815.0,-0.00676783905937942,-0.004571796949186524,-0.005762392575691812,-0.007085544277883177,-0.006046940651694887
-805.0,-0.007226657758910436,-0.004597425121810048,-0.005781202825467315,-0.0072477946689539505,-0.006213325302504915
-795.0,-0.007249429694276322,-0.004609775991084784,-0.005806839211492272,-0.007299539767841509,-0.006241451867287912
-785.0,-0.00718294344307866,-0.004513757652787696,-0.0057546132688839355,-0.007481243536080961,-0.006233198727594418
-775.0,-0.007160536701304617,-0.004614198703751655,-0.005731518823107895,-0.007609761275876071,-0.00627906351611965
-765.0,-0.007016550909536992,-0.004706980177009887,-0.005924836492267025,-0.007745994973423447,-0.006348646317269098
-755.0,-0.006718644063447257,-0.004767999501726773,-0.006036183826479305,-0.007835269084167306,-0.00633957466257164
-745.0,-0.006781943751990467,-0.004728316279937746,-0.006097983423280568,-0.007934030985968876,-0.006385621040270081
-735.0,-0.006368757420435465,-0.004687172639730994,-0.006336764654510965,-0.007914434613577962,-0.006326826264434847
-725.0,-0.006008668109612809,-0.004677375521771305,-0.006526967416496854,-0.00790392656438245,-0.006279270908319208
-715.0,-0.006167838133425907,-0.004763030243453348,-0.006612331079742455,-0.007868157930861453,-0.006352875210281869
-705.0,-0.006087494685904642,-0.004879140360624314,-0.006581540862256482,-0.007834174557224613,-0.006345620788821759
-695.0,-0.005843454364909337,-0.005163689356613057,-0.006745072449692143,-0.008107828085123009,-0.0064650385957693455
-685.0,-0.006303835260086881,-0.0053611287051709535,-0.006799039947323183,-0.008210683637584235,-0.006668703622461316
-675.0,-0.006643634191116704,-0.005423533517562931,-0.006757290528697278,-0.008321536465001634,-0.006786536206551258
-665.0,-0.006678400315725025,-0.005464321438252524,-0.006674641238789255,-0.008440591486139013,-0.006814528788340311
-655.0,-0.0066186840831231235,-0.005512971175276168,-0.00672704547634666,-0.008621964266094101,-0.006870206696531489
-645.0,-0.006788083040914033,-0.005565715973347592,-0.006591205610620964,-0.008525137310143207,-0.00686757802835621
-635.0,-0.00701917739512998,-0.005611032747459666,-0.006467423651552548,-0.0085771392071154,-0.006918740668497976
-625.0,-0.00674656400261576,-0.005565730617962889,-0.006430304974236715,-0.008557615591342774,-0.006825098387902042
-615.0,-0.00636467249512067,-0.005579934713356632,-0.006493825253535791,-0.008628353272319079,-0.006766735783151714
-605.0,-0.0063814631333618385,-0.0054426610065532715,-0.006530009663336676,-0.008625890888643838,-0.006745047078286788
-595.0,-0.006439276901271913,-0.005336532101303805,-0.006482370903618871,-0.008597446119489604,-0.006713949880282264
-585.0,-0.00657959632565215,-0.005344479123734414,-0.006371280407665772,-0.008650273281286962,-0.006736454652219423
-575.0,-0.0061970425323465885,-0.005459998374073852,-0.006446650567220495,-0.008750775242504132,-0.0067136576717686984
-565.0,-0.006247218930281082,-0.0054083712650050755,-0.006546815909966883,-0.008858982872826288,-0.006765389717893264
-555.0,-0.006222121934213529,-0.0053930835378961815,-0.006607077467213878,-0.008997662040306904,-0.006805029643071335
-545.0,-0.006005295401931625,-0.005330464816567215,-0.006682424607644699,-0.009073297464766957,-0.006772911896168645
-535.0,-0.005404169688607288,-0.0052998834184668055,-0.006859824426930869,-0.009152317778821667,-0.006679081135043639
-525.0,-0.005378142959780501,-0.005356628059188661,-0.006942817559005253,-0.009269849858882748,-0.006736891265913494
-515.0,-0.005501051378925829,-0.0055200556393219455,-0.006971534353807915,-0.009355166842621502,-0.006836983927129001
-505.0,-0.005933462208098656,-0.005694621507444878,-0.0070176010619907424,-0.009401068041579117,-0.007011723551568668
-495.0,-0.006275037460088902,-0.005843803299563647,-0.007155304701935329,-0.009428521416499894,-0.007175703173542473
-485.0,-0.006601185074108866,-0.005964461401515928,-0.007201974263603823,-0.009511720521774776,-0.007319875031511305
-475.0,-0.006587526003729515,-0.005962774916292441,-0.007310138336309433,-0.009499927204405791,-0.007340129553125142
-465.0,-0.006688788594997371,-0.005988015042674539,-0.007312494581667721,-0.00951939791410812,-0.007377213226720497
-455.0,-0.006815012812444895,-0.00595786047813606,-0.007451186118567526,-0.00948300260523572,-0.007426804444783587
-445.0,-0.006521202189322697,-0.005864305759564041,-0.007514331424585718,-0.009496232072287015,-0.007349053430495207
-435.0,-0.006497281578146414,-0.005734755059562046,-0.007555418332295179,-0.009458998379911912,-0.007311649274646169
-425.0,-0.006686034384009888,-0.005746720807807441,-0.0074812773778733695,-0.00957689744863875,-0.007372773413269036
-415.0,-0.006810882454758718,-0.005734533724276719,-0.007527072005900729,-0.009644156021793472,-0.0074292040968210625
-405.0,-0.006796843626995791,-0.005602498646694965,-0.007552503420706097,-0.009801932770987754,-0.007438491035906331
-395.0,-0.006848422557104078,-0.005639703746796321,-0.007517747978389857,-0.00984780294860507,-0.00746346700780714
-385.0,-0.006244734481830968,-0.005736313698290888,-0.007373150329090482,-0.009940404808165154,-0.007323692287198239
-375.0,-0.006726676613276301,-0.005732984282908623,-0.007401589415627943,-0.01005545711841267,-0.007479226023998842
-365.0,-0.006847467679951282,-0.0057988492598035814,-0.007444244496348954,-0.010127424415125498,-0.007554546764720563
-355.0,-0.0064376570799033715,-0.005969664793737612,-0.007356409466100617,-0.010231177320639315,-0.007498772223057981
-345.0,-0.006417091645602472,-0.005940846988396539,-0.007464085802006971,-0.010330131365816644,-0.007538084002084235
-335.0,-0.006437357384308031,-0.005988430040760039,-0.007554127624244398,-0.010422573728622965,-0.007600666910252553
-325.0,-0.006422117227513141,-0.005897032450084556,-0.007522166397509119,-0.010467698302512863,-0.007577300375780378
-315.0,-0.006594462237805642,-0.005956090544960355,-0.007508289487289751,-0.010500628140727221,-0.0076399165420167415
-305.0,-0.007031697073946128,-0.005910666043356411,-0.007580768415247404,-0.010523856770256619,-0.007761801857059617
-295.0,-0.007012355439764187,-0.006016646956459574,-0.007590758931665506,-0.010627578085769971,-0.007811889208939118
-285.0,-0.006868348377992696,-0.006103882063338032,-0.007591894169572465,-0.010700349659596828,-0.007816170771779379
-275.0,-0.006891612475476712,-0.006299375826661581,-0.007623686571478098,-0.01077218923927872,-0.007896766450654853
-265.0,-0.006784568704949287,-0.006252129965919661,-0.0076095642470901444,-0.010817303602174524,-0.00786594204489961
-255.0,-0.006798449305284575,-0.006380891509259578,-0.0075900138731434755,-0.010810941269546794,-0.007895123033428847
-245.0,-0.00746526855779534,-0.006355514860713744,-0.007602601993561915,-0.01086478779070915,-0.008072102231243026
-235.0,-0.007590047180608458,-0.006155621772694176,-0.007709531630307754,-0.010869466467261116,-0.00808122869133497
-225.0,-0.007922520816969354,-0.006136782068166277,-0.007921520061004049,-0.010846523864503407,-0.00820690020002628
-215.0,-0.008085981813590952,-0.006139248788662529,-0.008001424995306691,-0.010878836878943563,-0.008276438145072293
-205.0,-0.007563277291597338,-0.0061348521228486675,-0.007934710844329718,-0.01089181225341093,-0.008131222241738605
-195.0,-0.007137768554656009,-0.00618374887912019,-0.007920826056762418,-0.010899606701596598,-0.00803554055930679
-185.0,-0.0076078741113622264,-0.006071226488627959,-0.007965932380718964,-0.010930450706673133,-0.008143931594271686
-175.0,-0.007413269145835227,-0.006054367830784324,-0.007932807679809606,-0.010824320633921022,-0.008056248615064349
-165.0,-0.00721432107009126,-0.006101106705348418,-0.007985699152657021,-0.010835907765256246,-0.008034312097382252
-155.0,-0.007460852755060877,-0.006046406706654437,-0.008009760445056304,-0.010901282893480921,-0.008104633741370312
-145.0,-0.007571646257878823,-0.0061734109728817975,-0.008077047071654414,-0.010847304118932092,-0.008167408293565772
-135.0,-0.007944551508165943,-0.00639555470866372,-0.008039485817593556,-0.010857462830410556,-0.008309322579822672
-125.0,-0.007400871125288007,-0.006194589295857868,-0.00784379763521966,-0.011094797364106334,-0.008133573936014587
-115.0,-0.007093412373719787,-0.006029750627091906,-0.007817812808043717,-0.011137519571846872,-0.008019682929778343
-105.0,-0.007375989618661131,-0.006075449820567651,-0.007972554822041416,-0.011236739274008964,-0.00816524491296534
-95.0,-0.0072161279036623656,-0.005956896568886427,-0.007941472100099623,-0.011402009416069307,-0.008129190116210145
-85.0,-0.007315703345549853,-0.0059684356621365455,-0.007987806088807548,-0.011490190440873798,-0.008190599254105719
-75.0,-0.007464288253222346,-0.00603714881275837,-0.008174937436041071,-0.01149903708072648,-0.00829391693891623
-65.0,-0.00781983120786074,-0.00610395393117548,-0.008253371709258646,-0.011629670376738007,-0.008451775445066976
-55.0,-0.00746208863866672,-0.006182864079270093,-0.00830200463422995,-0.011615367935937553,-0.008390643226752734
-45.0,-0.007926065383369136,-0.006114906328578506,-0.008293592918493188,-0.011685575915321158,-0.008505105270991254
-35.0,-0.00859404260273365,-0.00608717323061439,-0.008383218339245544,-0.011801254498405637,-0.008716502031144577
-25.0,-0.008728833000165496,-0.006280162239212318,-0.00842259596048339,-0.011699630488407855,-0.008782882600388406
-15.0,-0.008796520982082192,-0.006340704335499049,-0.0084261073909298,-0.011711652713929087,-0.008818823744971782
-5.0,-0.008711237474476687,-0.006367138483898727,-0.008426880244439387,-0.011803520584254556,-0.008827271308150992
5.0,-0.008351193859328929,-0.006519011826227113,-0.008519060125934834,-0.011944050653058346,-0.008833399978979816
15.0,-0.008447166299719392,-0.0066355266105656546,-0.00849611640792149,-0.011880967182534945,-0.008865014170077587
25.0,-0.008626962213595992,-0.006559674973429886,-0.008474209884627135,-0.012014661478286944,-0.008918952725704565
35.0,-0.00868316912795986,-0.0065953812301579725,-0.008520766605306656,-0.012101510419730736,-0.008975283253451935
45.0,-0.008989293659557283,-0.00660709896465483,-0.008499679422672678,-0.012139838863470847,-0.009059058904519622
55.0,-0.009341008507887676,-0.00662649624077931,-0.008580224550432475,-0.012190807133333873,-0.009184719365762536
65.0,-0.008948642080166321,-0.006695564873907028,-0.008657134129130061,-0.012342445707825013,-0.009161026742896278
75.0,-0.009065969738716866,-0.00676461316361119,-0.00883650350602601,-0.012344879328443734,-0.009253069745144582
85.0,-0.009042620724369038,-0.006775112662541304,-0.008886212698507527,-0.012212471735721165,-0.009229179855175565
95.0,-0.009574869599809377,-0.006702563454925495,-0.008880284313572438,-0.01217322185541357,-0.00933281790890761
105.0,-0.0094435114197657,-0.006568052215985584,-0.008709929077442398,-0.011980729319342602,-0.009175638355217773
115.0,-0.00924343479349052,-0.006515185909808883,-0.008490283259602415,-0.011750936645767372,-0.009000040878191316
125.0,-0.00975435972544576,-0.006485553429054924,-0.008185429182562617,-0.01175373800330931,-0.009044862244406211
135.0,-0.009983644561795641,-0.006477647540211102,-0.008138468086729234,-0.011672502494272916,-0.009068160565228812
145.0,-0.009281914795781483,-0.006476565780893046,-0.0081470623746783,-0.01158657504937288,-0.008873113676351288
155.0,-0.009124654130584895,-0.006586652072889248,-0.00818549912968749,-0.011493493905886158,-0.008847653609525169
165.0,-0.009158530560409663,-0.00662043269916745,-0.008213129480057117,-0.011388759673198584,-0.00884529012008498
175.0,-0.008862510717962844,-0.0066665711024922825,-0.008332885137115664,-0.011325746716608453,-0.008796998359791306
185.0,-0.008719640238488903,-0.006749608122159255,-0.008344704392024506,-0.011451370874237164,-0.008816399336912912
195.0,-0.008649121119427084,-0.0067966675925901394,-0.008273623623038628,-0.011357466013599651,-0.00876928612482384
205.0,-0.008643486077660517,-0.006671956039955164,-0.008285956098059032,-0.011340435079766996,-0.008735526070787416
215.0,-0.008945269787180394,-0.006602844922865765,-0.008427709393791477,-0.011445705582481524,-0.008855454676136498
225.0,-0.009101143959363038,-0.006586812113261706,-0.008403790258150487,-0.011280785222584999,-0.00884320555948378
235.0,-0.009049916598668344,-0.006555171875323991,-0.008226459782938197,-0.0111173337589051,-0.008737293098161465
245.0,-0.00903368507419083,-0.006611562820106562,-0.008187653481665726,-0.011120597403217835,-0.008738446877172115
255.0,-0.00888249508645733,-0.006674001508483995,-0.008218347706730517,-0.01117117495215042,-0.008736574384286743
265.0,-0.008629343648727276,-0.006682554842422054,-0.008176705859430268,-0.011144848185281293,-0.008658429383643501
275.0,-0.008456318045759942,-0.0066733473725464065,-0.008134759194478093,-0.011124161696377328,-0.008597210905391686
285.0,-0.007976271212818782,-0.0067539298443595255,-0.008238919718870762,-0.01101510360489334,-0.008496109992432648
295.0,-0.007896199946974738,-0.006708447402967403,-0.008323971088599905,-0.010950127408453272,-0.008469737870451906
305.0,-0.0078020923527907324,-0.006749280791400323,-0.008263625314541622,-0.010903813813439644,-0.008429752846983884
315.0,-0.007609326327851657,-0.006755441856524025,-0.008120299600473727,-0.010808073639325098,-0.008323333095010982
325.0,-0.007493149484540351,-0.006894955541922254,-0.008159605117293132,-0.010838497377878663,-0.00834659605313469
335.0,-0.007569164976935709,-0.006879211472931999,-0.008241266998030457,-0.010823938415729113,-0.008378439578498098
345.0,-0.007832253484871519,-0.006902267106659043,-0.008342085683040729,-0.010761112569138784,-0.008459474853177806
355.0,-0.008000051391470035,-0.0069682209613143855,-0.008380057225773643,-0.010767008317894873,-0.00852888055678863
365.0,-0.008468193197685719,-0.006903497945454594,-0.008378452132307757,-0.010758041111484453,-0.008627099262800843
375.0,-0.007910382241174215,-0.006806327852380667,-0.008341437524799988,-0.010651941727965736,-0.008427568362333535
385.0,-0.008123936985544457,-0.006799542310944086,-0.008431476238733424,-0.010589253468754846,-0.008486099188125608
395.0,-0.008549115483450467,-0.006820252123292477,-0.008474640203357085,-0.010572874793802855,-0.008604272237458044
405.0,-0.008363219838019234,-0.006784138639587522,-0.008446824868626536,-0.010370803686754021,-0.00849129397693471
415.0,-0.00820748329791607,-0.006895570675011693,-0.00852531216217655,-0.01009195241016332,-0.008430118437105052
425.0,-0.008556938888476806,-0.006947514177462312,-0.008626357061807866,-0.01013795929002968,-0.008567234423605477
435.0,-0.008425566152582635,-0.006997806039019794,-0.008554291734925074,-0.010109803479382276,-0.008521907063800975
445.0,-0.008331629429222113,-0.007061836871860742,-0.008492328524206042,-0.01006669491384705,-0.008488160771967184
455.0,-0.008348870074431095,-0.0070281252314311855,-0.008565542079321743,-0.010090797550514686,-0.008508372095928158
465.0,-0.008155599201801481,-0.006949614629680091,-0.008729831045396244,-0.010301448702315285,-0.008534160834845575
475.0,-0.008530872167498716,-0.006917674191753015,-0.00877258810601189,-0.010248843265974483,-0.008617536076379047
485.0,-0.00864532824841706,-0.0066713700660257,-0.008747570140429914,-0.010306077912767816,-0.008592634206968552
495.0,-0.008433468814733454,-0.006492952855081342,-0.008739384056633494,-0.010176852366235868,-0.008460710055929292
505.0,-0.008662624442677767,-0.006492363465688522,-0.008784892619525456,-0.010234344116739994,-0.008543604952235658
515.0,-0.008215305030630091,-0.006587273151318912,-0.008682380150050292,-0.01023225433987694,-0.008429346003819454
525.0,-0.008174108960086015,-0.006690424920774364,-0.008697785003686415,-0.010338758200842143,-0.008475311389442297
535.0,-0.008002824557812009,-0.0068359373855972575,-0.008824456992565843,-0.010341210458627976,-0.008501143522164524
545.0,-0.007876277681209161,-0.006853788830289943,-0.008866659121925784,-0.010372399622823226,-0.008492315392745264
555.0,-0.0077657320039362125,-0.006904343848412449,-0.008778318557202234,-0.010326310915726198,-0.008443708808007067
565.0,-0.007828883583345563,-0.006933699618157657,-0.008650391622304172,-0.0101781545869451,-0.008397815012241282
575.0,-0.0072496876698395695,-0.0068056227192879685,-0.00861407084992335,-0.010092754342463386,-0.008190559812621831
585.0,-0.007204181979196939,-0.006899124035437211,-0.008456748050799105,-0.009993017649373206,-0.008138292748450663
595.0,-0.00698869536320689,-0.007057724525076411,-0.008383894814427738,-0.009978642785743222,-0.00810225993768764
605.0,-0.006936133985635816,-0.00710590756559839,-0.008444336877867957,-0.009965807298505863,-0.008113064651787173
615.0,-0.007526087821287556,-0.007053642043251007,-0.008506086025721595,-0.009934586108286937,-0.008255126122997164
625.0,-0.00815383165052609,-0.00708462532126625,-0.008498362261418506,-0.00987194220991261,-0.008402223287753929
635.0,-0.008334338674614904,-0.006939153450334542,-0.008517015119982766,-0.009940948147860435,-0.0084329018478511
645.0,-0.008237079195345462,-0.006840588729755337,-0.008534366079948468,-0.010034601107813252,-0.00841169782395744
655.0,-0.008294330966484137,-0.006800078570582024,-0.008525953899039092,-0.009909108496914237,-0.00838240676859743
665.0,-0.008094388399237984,-0.006750993499203971,-0.00851781161022777,-0.009902140680414884,-0.00831637031499599
675.0,-0.008041579244677258,-0.006680351023677635,-0.008504985813837585,-0.009831127036196966,-0.00826454700337268
685.0,-0.008142028419692299,-0.006768350617657276,-0.008580918864661431,-0.009750032104497344,-0.008310366776591258
695.0,-0.008377180304233622,-0.006783200609793722,-0.00854989223791271,-0.009661104765873464,-0.008342880943466729
705.0,-0.008203119231285054,-0.006800444799541271,-0.008452569140200823,-0.009740387094966706,-0.008299166332368773
715.0,-0.007935371375497352,-0.006900504678270789,-0.00848603730723665,-0.00980183860464984,-0.008280969676699616
725.0,-0.007956450852792,-0.006963762807393419,-0.008501449320521751,-0.009778288339586315,-0.008300018421638914
735.0,-0.007944555876807383,-0.006985246813224842,-0.00826876518810399,-0.009696942507677492,-0.008223909778024343
745.0,-0.007910524122682379,-0.0069147104253866115,-0.008207922607011458,-0.009687551445665138,-0.008180210517341946
755.0,-0.008078383419782795,-0.006885887821429146,-0.008259753022970518,-0.009569572512924085,-0.008198432923654545
765.0,-0.007738560836706935,-0.00672139145062112,-0.008170278951569722,-0.009504860688795087,-0.008033804681808957
775.0,-0.007277368208275942,-0.0066930722915285405,-0.008076289010259762,-0.009334368406425892,-0.007845299312994764
785.0,-0.007302733604836221,-0.006516039285957764,-0.008066098092901266,-0.009230658007011517,-0.00777890854915716
795.0,-0.006984866961617052,-0.006512002364046458,-0.008071711234487458,-0.009045425536735536,-0.007653521023047579
805.0,-0.00693568709710964,-0.00641973683876009,-0.008034843812852592,-0.008968705892952924,-0.007589762952829153
815.0,-0.007548273220294107,-0.006369886610090162,-0.007963547855216921,-0.008938639595507655,-0.007705115847590934
825.0,-0.007676065386230246,-0.006387281170158205,-0.00793470155157186,-0.008972038721319775,-0.007742553061735638
835.0,-0.007897899212461233,-0.006386243513940559,-0.008007476555730824,-0.008849548198144114,-0.007785323596592891
845.0,-0.008192906849141004,-0.006309368297398244,-0.008000074078040202,-0.008787706680739105,-0.007822549981763866
855.0,-0.007841856760143444,-0.00632378833686506,-0.007932882087307982,-0.008729423580475388,-0.007707018890447394
865.0,-0.007297715499898177,-0.006342026987560761,-0.007898322274653216,-0.008689708346764339,-0.007556966826507209
875.0,-0.007275347078492712,-0.006242495901006342,-0.0078469534269159,-0.008613176916262604,-0.007494517580880566
885.0,-0.0073662417519329065,-0.006214630384243644,-0.007733051363578311,-0.008590950402599955,-0.007476245562319802
895.0,-0.008219217579412593,-0.006191422526189333,-0.007553885951495726,-0.008556786782275689,-0.007630369061408062
905.0,-0.008250450903545013,-0.006161320167849896,-0.007518931185214055,-0.008460411333818202,-0.007597819248025784
915.0,-0.007929762340116817,-0.006271852796501537,-0.0075097108541791555,-0.008234058186291226,-0.007486378155353164
925.0,-0.007677977149443737,-0.006193354802962731,-0.007512622212566712,-0.008120146832979737,-0.007376053450099743
935.0,-0.007521849398843619,-0.006169976168604462,-0.007535597692600151,-0.008094331640331843,-0.007330464478682903
945.0,-0.007056799837440888,-0.0062280188156964116,-0.007543288829329766,-0.00804411096171268,-0.00721807253312336
955.0,-0.0070206144656456,-0.006228310666120748,-0.007478322511723213,-0.007956121110154011,-0.007170859308462626
965.0,-0.007056102015698852,-0.005952148822173188,-0.007507816372313474,-0.007930638118866717,-0.007111696912073001
975.0,-0.006902673097233685,-0.00590460850579431,-0.007467961046779578,-0.00787529251163657,-0.007037652734072368
985.0,-0.006615694333571782,-0.005914279714560619,-0.007388878973026561,-0.007867825489145266,-0.006946685537981179
995.0,-0.006646229992159541,-0.006037339342277329,-0.007276634565143517,-0.0077561862646097655,-0.006929112212454631
1005.0,-0.00672757708780168,-0.006048317572103188,-0.007192166688741561,-0.0076361948882007055,-0.006901079200308932
1015.0,-0.007524325362914713,-0.006190908476453515,-0.007160627412031023,-0.007608669599309317,-0.007121156725443004
1025.0,-0.007658728285260965,-0.006395053354670716,-0.007174595648435202,-0.007623813565056718,-0.0072130708018991576
1035.0,-0.007656074105162261,-0.006475470948629799,-0.007116078148569641,-0.0074922161280762374,-0.00718498081634184
1045.0,-0.007235558363694713,-0.0063348206794114036,-0.007118883393092723,-0.007457403991115323,-0.007036683311124145
1055.0,-0.007447445614622162,-0.006206330451587913,-0.007095036720621528,-0.007548953245867665,-0.0070744643559627115
1065.0,-0.007293534538661166,-0.006175709733966926,-0.0070053887569876995,-0.0076068607741983044,-0.007020396625817678
1075.0,-0.007132396961235863,-0.006163223780087159,-0.006688231030977822,-0.0076643180362856765,-0.006912068672831733
1085.0,-0.007060479621109423,-0.006122115464372965,-0.0065856852326199155,-0.007702386617259531,-0.006867694434621466
1095.0,-0.007142211028908668,-0.006124398489986531,-0.006595648291068744,-0.0076518566196716545,-0.006878556563693844
1105.0,-0.006954159571626456,-0.006139816242946618,-0.0064559026415081195,-0.007608841506878204,-0.006789706508265514
1115.0,-0.006822846630641098,-0.006131709726461931,-0.006363859892110335,-0.007488911856718238,-0.006701856507381008
1125.0,-0.007008620050247558,-0.005958754585337392,-0.006410577431259505,-0.007283499216939626,-0.006665388738712378
1135.0,-0.00730809195487992,-0.0059116120020416794,-0.0064385603478922466,-0.007254863364668803,-0.006728311744067293
1145.0,-0.007216991483576855,-0.005814306586227633,-0.00638686306175179,-0.007282358293629836,-0.0066751608340844355
1155.0,-0.007242812115574192,-0.0057305290537815416,-0.006410046466689548,-0.007341311842902201,-0.0066812078069832985
1165.0,-0.007402732871299224,-0.005663409454247557,-0.006417218092236163,-0.007265770713441296,-0.006687317665483019
1175.0,-0.0073642356755068234,-0.005634651846530144,-0.006482177644762163,-0.007304383572255693,-0.00669639658102397
1185.0,-0.007066508096891283,-0.005575643980849186,-0.0064870324230868895,-0.007301314463784383,-0.0066076558128378
1195.0,-0.006715917153976991,-0.005520768348024487,-0.0064548760911878455,-0.0072629013157744825,-0.006488642728562331
1205.0,-0.006805964211091831,-0.005598204405769375,-0.006447278358517452,-0.007178110761764404,-0.006507415565091402
1215.0,-0.007166978197988933,-0.005597029938845198,-0.00636312807283963,-0.0070960443156168115,-0.006555826172252469
1225.0,-0.007123718864356295,-0.005519644581778915,-0.006245412885456284,-0.007112783586008006,-0.006500423292671336
1235.0,-0.007222905195189956,-0.005470555744955647,-0.00622685284173585,-0.007024418771845318,-0.006486217509426737
1245.0,-0.007652556515884609,-0.0055290592394746,-0.006260490317857834,-0.007065989893469646,-0.006627063472407803
1255.0,-0.007629811462897182,-0.005398150920688715,-0.0062281021019818805,-0.006869779817745235,-0.006531499806327229
1265.0,-0.007141277966731327,-0.005309670656521784,-0.006235264265110308,-0.006822084145911439,-0.0063771068571990995
1275.0,-0.0074707450146012724,-0.005378614962638904,-0.0062574104211301435,-0.006874498322453852,-0.006495353698483302
1285.0,-0.007089919805841286,-0.005471713174810311,-0.006179404785238875,-0.0068771858096330915,-0.006404587111701232
1295.0,-0.006817856721772626,-0.00534730522806268,-0.006067434587175484,-0.006844341847473388,-0.006269264890221896
1305.0,-0.006547925814672798,-0.00541258947605372,-0.0059729545904420225,-0.006841393395311159,-0.006193742828543868
1315.0,-0.005825464979596081,-0.005366029066646325,-0.005896875051115244,-0.00683312182762806,-0.005980391544028676
1325.0,-0.005926859257460213,-0.005304307500040978,-0.005942642903072781,-0.0066742471929260375,-0.005962032466408474
1335.0,-0.005977084288931904,-0.0051660160972440625,-0.005913388945672482,-0.0066568261592326585,-0.005928349826366616
1345.0,-0.006009072894764998,-0.00501927037886862,-0.005943048783684996,-0.0065121920433069275,-0.00587091703860567
1355.0,-0.006077611917281319,-0.005016836094129555,-0.005890260476751521,-0.0065418059624157985,-0.0058816516934838865
1365.0,-0.006605993997635115,-0.005090007919237307,-0.005758463837734104,-0.006490222178890042,-0.005986202281325557
1375.0,-0.006575938547212667,-0.004989322607388568,-0.005595354581190255,-0.006411166364208055,-0.005892977907969139
1385.0,-0.006579096256127341,-0.005014397747875978,-0.005753009646903176,-0.006323862777472991,-0.005917620392769628
1395.0,-0.0064270490684819786,-0.00506776067479831,-0.005691354385154258,-0.006247142904467446,-0.005858352572062143
1405.0,-0.006292758692603261,-0.005027070444885199,-0.005665972913487933,-0.006212047182253682,-0.005799486729541633
1415.0,-0.0058112710935038945,-0.0050089746664365425,-0.005771511818622927,-0.006211499289791955,-0.005700830962167525
1425.0,-0.006021881086419106,-0.004936897178562899,-0.005878597983813745,-0.006150381547359404,-0.0057469577372723495
1435.0,-0.006342081804041358,-0.0048630483680086704,-0.0058070428371107905,-0.006034888231208202,-0.0057617883175709594
1445.0,-0.006188392988524305,-0.004825671744500104,-0.005767825819918888,-0.005932776550673295,-0.005678687367805463
1455.0,-0.006133715300405917,-0.004783412319163531,-0.005866582429566935,-0.005970609363084791,-0.005688599456359261
1465.0,-0.006637345448706337,-0.004786346647444011,-0.005881711940613342,-0.0059382827781729024,-0.005810947416378226
1475.0,-0.006147426992753108,-0.00487400819809254,-0.005601601925425624,-0.005873690223829373,-0.005624202667330831
1485.0,-0.006309892774481955,-0.004785942935228049,-0.005539361595192589,-0.005667729443391637,-0.005575753959107949
1495.0,-0.007246884761682697,-0.004731818715273286,-0.005552128973983118,-0.005818208130587063,-0.005837297633185539
1505.0,-0.007447359092262458,-0.004615219511297831,-0.0055179087002479015,-0.0058560273953620675,-0.005859171407556301
1515.0,-0.00791410874537913,-0.004526799238149621,-0.005507272040695415,-0.005952285204013964,-0.00597516796396726
1525.0,-0.008120569050752474,-0.004583695861671748,-0.00557065865929431,-0.006010955394077634,-0.006071523350791845
1535.0,-0.007678762975332512,-0.004736710853010158,-0.00534221339903958,-0.006149717016699309,-0.0059769016022904065
1545.0,-0.007038182303448875,-0.0049293504452149455,-0.0053285161577586344,-0.006111866461611175,-0.005852017826509433
1555.0,-0.007179584638906227,-0.00498778282835001,-0.005339797049508572,-0.006035712293403821,-0.005885758126856796
1565.0,-0.007090892969475044,-0.005074497750163137,-0.005275220596490116,-0.005926824395396288,-0.0058418948905572966
1575.0,-0.006641592103778738,-0.004936646521467938,-0.005339592676972448,-0.0059071422455157655,-0.005706274018506899
1585.0,-0.0066109819803155095,-0.004870951833269716,-0.005427727728630504,-0.005874726720588008,-0.005696126545254757
1595.0,-0.006886009870986093,-0.004800579789100565,-0.005435725862010253,-0.005832696632402097,-0.005738786499573319
1605.0,-0.006912631020541257,-0.004705365936280433,-0.005322326645650592,-0.005745177052866366,-0.005671410615868569
1615.0,-0.006379211447636865,-0.004647624842869664,-0.005234865613922394,-0.005686436879148664,-0.005487064123266344
1625.0,-0.007027655818919428,-0.004564126655143017,-0.005168627016562303,-0.0055922170475950165,-0.005588195550810869
1635.0,-0.007263221592769629,-0.004461586021776147,-0.005130974259120997,-0.00571436764929731,-0.00564258300845657
1645.0,-0.006539622224544966,-0.004467636743671082,-0.0051104161379393305,-0.005724547938060932,-0.0054605919679511635
1655.0,-0.006437609093835261,-0.004564001867797953,-0.005083342459514512,-0.005680274796593149,-0.00544134035550228
1665.0,-0.0069029052426050124,-0.004419267094533161,-0.005167668616026201,-0.005708295416216446,-0.005549574857225621
1675.0,-0.006292813315341269,-0.00438784936069558,-0.0051650149746362605,-0.005696139022533384,-0.005385487004986835
1685.0,-0.006044746436881945,-0.004330202243081406,-0.005003371322429845,-0.005558643639893631,-0.005234271506038781
1695.0,-0.0063253830284599535,-0.004168200436822822,-0.004880288860102285,-0.005443562612035568,-0.005204395404117701
1705.0,-0.0063464698025531814,-0.004092400495844439,-0.004908850898445724,-0.005382607182549584,-0.005182618863942841
1715.0,-0.006328424379594385,-0.0041364282766056535,-0.004878979606553459,-0.005403104334158259,-0.005186770760550937
1725.0,-0.006207348167741027,-0.004153860910133116,-0.0047889629732332135,-0.005462959225885351,-0.005153319583731789
1735.0,-0.006011241865291932,-0.004161542185938602,-0.004672346891582006,-0.005525061496849444,-0.005092584536484276
1745.0,-0.005978570051524328,-0.004145744735603174,-0.004445315697673433,-0.005597383311663941,-0.005041793683290613
1755.0,-0.006041053790871283,-0.004140605518491742,-0.004378835675823278,-0.005545765110483906,-0.005026606369926435
1765.0,-0.005880584783442727,-0.004049699821395484,-0.004392871422990331,-0.005314256218186274,-0.004909390160087805
1775.0,-0.005815776333012013,-0.004141553815996026,-0.004347285756606506,-0.005217527269514444,-0.004880570091297073
1785.0,-0.006143494803401997,-0.003976515664158311,-0.004489963480274625,-0.005087094821320148,-0.004924304450477161
1795.0,-0.006703828175700841,-0.0038519933578585494,-0.004655674035583046,-0.004973003583166902,-0.005046167506095955
1805.0,-0.006458073058882941,-0.00388595326507698,-0.004620816532437341,-0.004949859197711908,-0.004978714619076156
1815.0,-0.006226986647500801,-0.0039556044634034586,-0.004617082991690794,-0.004902079610324658,-0.004925472886347181
1825.0,-0.006453134473778814,-0.003909196393810643,-0.004670445342998859,-0.004820569900032861,-0.00496337284164997
1835.0,-0.006432389871772806,-0.004111173832923621,-0.0046672424946889906,-0.004842448349499877,-0.005013347287163277
1845.0,-0.006130370593456076,-0.0041764641917090015,-0.00470608595513651,-0.004849039086473898,-0.004965518220827331
1855.0,-0.006298863607166269,-0.004073930776422549,-0.004747307798683869,-0.004842580850621418,-0.004990702032902487
1865.0,-0.006876289360042267,-0.004091489628080368,-0.004663953582196754,-0.004748324592341141,-0.005095052964989041
1875.0,-0.00667261631110916,-0.003948026599805523,-0.004693376447901299,-0.004738441430623259,-0.005013152530280148
1885.0,-0.006180686066772534,-0.0037718378883768605,-0.004688801635431425,-0.004550642231540733,-0.004798022562754933
1895.0,-0.005806526864650908,-0.003804318404134943,-0.004595048415109736,-0.004543910774290294,-0.004687477413554662
1905.0,-0.005839251796758867,-0.0038892217968935633,-0.004465614141451516,-0.004621809545736539,-0.004704002710588675
1915.0,-0.005276066014160603,-0.0038882863056872137,-0.004349362125704968,-0.00480961125378346,-0.004580856334911655
1925.0,-0.005634765108187112,-0.003984308724754061,-0.004293024415956817,-0.004816795121642285,-0.004682252649626619
1935.0,-0.0055929182527823616,-0.004062134993621078,-0.004218091219796864,-0.004922348777551292,-0.004698903437654038
1945.0,-0.0054524369290256955,-0.004171783724309634,-0.0042060791025688255,-0.004942900409840983,-0.004693327235517699
1955.0,-0.005406849946324486,-0.004275821064457852,-0.004129695744907512,-0.004885414648532831,-0.004674470783036388
1965.0,-0.005239793752501747,-0.0042479918485934486,-0.004184798914094693,-0.004804282355605777,-0.004619238436647337
1975.0,-0.005246742575661059,-0.004276450437945208,-0.004234695385188644,-0.004781314476212171,-0.0046348211656060965
1985.0,-0.005283154911341306,-0.0042577665401420635,-0.00426593613245189,-0.00466738631587929,-0.00461858020769417
1995.0,-0.005274682934111521,-0.004129738052322574,-0.004168441012053402,-0.004526645656621842,-0.004524897175133974
2005.0,-0.005181593086113323,-0.004127701059925729,-0.004217791517012089,-0.004486894264668223,-0.004503512814932131
2015.0,-0.005565951857968974,-0.004162859171202447,-0.00414151058732786,-0.004587328903766126,-0.004614437552034907
2025.0,-0.0057868415242981665,-0.004115138392722787,-0.004147824740917721,-0.004573852534523885,-0.004655942573994828
2035.0,-0.006120274663854554,-0.003985187272196538,-0.004093588369324879,-0.004623047158941303,-0.004705560282213751
2045.0,-0.006104053090085117,-0.003845260340486656,-0.004193650446878777,-0.004702027142372756,-0.004711285054376826
2055.0,-0.00623657666668582,-0.0036347650877715455,-0.004161412785264332,-0.00475721438709478,-0.004697535333191971
2065.0,-0.0068676437596663815,-0.0034836854534502767,-0.004129077423730993,-0.004718700226970686,-0.004799830276922793
2075.0,-0.00625177646055869,-0.0035215705237674148,-0.004137831769693861,-0.0045690032486536995,-0.004620088113724648
2085.0,-0.005927379202397196,-0.0036044751584694288,-0.004160780291048476,-0.00455020429096726,-0.004560746295919596
2095.0,-0.005855858568899689,-0.0034828779882569985,-0.004186431205212485,-0.004449452400062094,-0.004493690571984528
2105.0,-0.005650760655937638,-0.003344047161155094,-0.004175768317968165,-0.004251902527267465,-0.004355651784627004
2115.0,-0.005030462509341566,-0.0032451568143672766,-0.00422512288146486,-0.004122454481873817,-0.004155821852482419
2125.0,-0.0054748365992955475,-0.003175052726159403,-0.004043379387022332,-0.004167530891246513,-0.004215232573807659
2135.0,-0.005544335626824793,-0.003222739925182846,-0.004064353009812257,-0.0042745753387296494,-0.004276535102193386
2145.0,-0.005577939583128019,-0.003310647147319508,-0.004041670871480329,-0.004285339371947423,-0.004303933089386438
2155.0,-0.005662349228417395,-0.003476970831713176,-0.0040931419536945806,-0.004434557526072143,-0.004416788944309648
2165.0,-0.005230287284711382,-0.0035566862580205597,-0.0040917604787962724,-0.004376660243670505,-0.004313874965458459
2175.0,-0.004944935904148868,-0.0035487766207997966,-0.004230605309221489,-0.004355001227983998,-0.004269850261510961
2185.0,-0.004941008531980179,-0.0034850560893930206,-0.004214990071612314,-0.004296581996134024,-0.004234429897253831
2195.0,-0.004920091868303778,-0.0035078201275781148,-0.004104977648255256,-0.004229025134489066,-0.004190499403116507
2205.0,-0.004639827040949412,-0.003327238672792698,-0.0041963775708160605,-0.004190739685622142,-0.004088563359282057
2215.0,-0.0045636091207464455,-0.0033520319799476813,-0.0042913422747680825,-0.004206305110135997,-0.004103337306334799
2225.0,-0.00414491503165449,-0.003403586715190377,-0.004246468338607055,-0.004258318213464177,-0.004013332227020384
2235.0,-0.004022733678310057,-0.0034070570050276,-0.004205621395709161,-0.004323819391533062,-0.003989817759738962
2245.0,-0.00420317086555113,-0.0033719160495240008,-0.004252840139444343,-0.004451480634569503,-0.004069865804508066
2255.0,-0.004255722070400429,-0.00346420645037633,-0.004175556300980211,-0.004376667506417587,-0.004068051461927522
2265.0,-0.0047424422266267585,-0.0034807748672484383,-0.004183105165852617,-0.004483129408276953,-0.004222383967462207
2275.0,-0.005057110483703997,-0.0034044077182239134,-0.004213986070423053,-0.00454409879156928,-0.004304927492883153
2285.0,-0.005268075276426775,-0.003361339261763836,-0.004271150409013953,-0.004413599544516039,-0.004328568744447784
2295.0,-0.005096600973943699,-0.0034459758185946786,-0.004223977859973456,-0.004357838559681137,-0.004281122356612903
2305.0,-0.0050982423305386574,-0.003571485508495346,-0.0042918540073942565,-0.004329181429129213,-0.004322711901601448
2315.0,-0.004265060426251518,-0.0035403587828543403,-0.004296673078379347,-0.004231339180644148,-0.004083366754827475
2325.0,-0.004681719497981333,-0.003425932766055739,-0.00414228948552733,-0.0042858302308723525,-0.004133961857020512
2335.0,-0.004932699858292139,-0.0033411751711800355,-0.003972897066013139,-0.004189873321810455,-0.00410918573159443
2345.0,-0.004728459591332286,-0.003190629611405565,-0.003929061401679563,-0.00421581367087487,-0.004016015662857809
2355.0,-0.004693191084255378,-0.0030293909610990283,-0.003806803792408289,-0.004315675857127528,-0.0039612947097551745
2365.0,-0.004884385660087291,-0.00304581479167373,-0.0037171406789834587,-0.004384797690444764,-0.004008068487416789
2375.0,-0.004395120538187641,-0.003106291708155857,-0.0036585487957508413,-0.004269197121466132,-0.00385731514445344
2385.0,-0.004185697768485505,-0.003113947070751609,-0.003650661730374229,-0.004320830036472713,-0.003817807631315642
2395.0,-0.004283617622000849,-0.003086501394257293,-0.0035691940724137255,-0.004255305060417387,-0.0037986799217983253
2405.0,-0.004265754975519235,-0.003115588513405801,-0.003565100446764644,-0.004203653841318149,-0.0037875485548878643
2415.0,-0.004006560143078853,-0.002917432100238456,-0.0034268696280473697,-0.004140196564379734,-0.0036227889047114195
2425.0,-0.0037079794608327757,-0.0028838628895142783,-0.003488830601977826,-0.004232858044266494,-0.0035784038865826523
2435.0,-0.003432021643961064,-0.0029552347330362976,-0.0035834086615925908,-0.004171697519011888,-0.003535604995843124
2445.0,-0.0033764602023361014,-0.0029370146518518402,-0.0036956040487913827,-0.004089761063766979,-0.0035247212280396984
2455.0,-0.0031929228039305935,-0.0029086126337620408,-0.003741867278330879,-0.004067964010846235,-0.0034778499095562076
2465.0,-0.0032211289217985925,-0.0029963000656230746,-0.0037500728857278254,-0.0040100953925615735,-0.0034944058518696576
2475.0,-0.003457639689966228,-0.002949009890197152,-0.003784166531011434,-0.00393177610355966,-0.0035306568993105705
2485.0,-0.003473164406230986,-0.0028672970064145915,-0.0038056664074382295,-0.004000385027540176,-0.0035366390032202234
2495.0,-0.0034696678460676323,-0.0027713917348352515,-0.003785827793647393,-0.0040622616693429415,-0.003522300399351303
2505.0,-0.0036057443814825436,-0.002697079926127665,-0.0038150313913557095,-0.004066440512361011,-0.0035460896897753936
2515.0,-0.003772140259284268,-0.002747305604600784,-0.0037574378747390284,-0.0040354943387960794,-0.003578112081374757
2525.0,-0.004088340466371068,-0.002667653091263179,-0.0036248325815759646,-0.003852646309614215,-0.003558390332795732
2535.0,-0.003962480521264877,-0.0027535158001335855,-0.0034958556575310166,-0.003924001257477338,-0.0035339853761519155
2545.0,-0.00405620634348963,-0.002865821369957444,-0.0034622309161013737,-0.00393024594134109,-0.003578648496741886
2555.0,-0.004108302420947346,-0.00290853885984297,-0.003468252783619319,-0.0037807141985735284,-0.003566472449432857
2565.0,-0.0046952926051607915,-0.0029772787264939044,-0.0035911679269912036,-0.0037392720330043125,-0.003750777976818639
2575.0,-0.004119037294156743,-0.0030775523779669467,-0.003684258611974148,-0.003653561385519696,-0.0036336160420834384
2585.0,-0.004044761318165033,-0.0029636288754754637,-0.0037463329790353894,-0.0036050751913301944,-0.0035899622598247125
2595.0,-0.004000662969444866,-0.003004597793201719,-0.0037393097218132833,-0.0035592501584111595,-0.0035759661598768235
2605.0,-0.003916809261993908,-0.0030259382356054637,-0.003750956494789174,-0.003689799887445876,-0.003595887153902357
2615.0,-0.00447052779016659,-0.002915958703875437,-0.003701453403656867,-0.003788370760573216,-0.0037190997906051656
2625.0,-0.004786974203737853,-0.0029043395407315434,-0.0035589067210841136,-0.004047251003410126,-0.0038243998263036327
2635.0,-0.005140612808735673,-0.0030022499465513198,-0.003511507634361152,-0.003998394196711427,-0.003913226533032775
2645.0,-0.005226473597274199,-0.0030015486661154433,-0.0035406526526123093,-0.003970959936289071,-0.0039349445036617305
2655.0,-0.005309078959086635,-0.0030433626251901605,-0.003538328847049376,-0.00385668859745499,-0.003936899588651649
2665.0,-0.004070290942048908,-0.003043309828577705,-0.003630561404258277,-0.0037955974051311703,-0.0036349559625232144
2675.0,-0.004011409540468966,-0.0031882759275432713,-0.003663940221595928,-0.003754004563438954,-0.003654419872502557
2685.0,-0.003972433826233768,-0.003272387049509157,-0.0036291573948477687,-0.0038050069474773384,-0.0036697581109591463
2695.0,-0.003889072986123839,-0.0032683215355915306,-0.0037275225661777813,-0.003803416717788407,-0.003672092841693778
2705.0,-0.003966933368691464,-0.0031917463133261143,-0.0036272136584125274,-0.0037838848848872134,-0.0036424571170976727
2715.0,-0.00437520794339912,-0.0031680511309710017,-0.0035060041416666342,-0.003607269341020021,-0.0036641507758363055
2725.0,-0.004094455486580561,-0.003131591236497762,-0.0035087632579257123,-0.0035624778115331567,-0.0035743356508733354
2735.0,-0.0038503338877952176,-0.0030956039557973256,-0.0035613346682264024,-0.0036055968264029686,-0.0035282281043846984
2745.0,-0.003861677079433544,-0.003208565891971215,-0.003560598829048895,-0.003678290965692877,-0.0035772935814018954
2755.0,-0.003996397257965991,-0.003257952667952459,-0.003600297542745471,-0.0037171943344971466,-0.00364297198016674
2765.0,-0.003713971643226389,-0.0031599703329557747,-0.003547158874639079,-0.003772372083129629,-0.003548378736729735
2775.0,-0.004095593221600735,-0.002974713433226063,-0.0036143247695294613,-0.003796925833437066,-0.003620406884417225
2785.0,-0.004248035643267673,-0.0028664809625041604,-0.003589913253924588,-0.0035678501024270677,-0.0035680883154827416
2795.0,-0.004212178587548841,-0.0027442058256213686,-0.003450559192658789,-0.003505422957636005,-0.003478112167589264
2805.0,-0.004195339796797751,-0.0026891433622968034,-0.0032847202741593095,-0.0035106676769390407,-0.0034199911255807557
2815.0,-0.004496991281673402,-0.0028355450166367264,-0.0033098780862429998,-0.003568315321723002,-0.003552708305194963
2825.0,-0.005162914375802863,-0.0029641824975401043,-0.0033128993023496013,-0.0036639400795215877,-0.003776018432874756
2835.0,-0.005622413903085967,-0.0029389500992059964,-0.003312241457160668,-0.003713641474404321,-0.003896853315173155
2845.0,-0.005699933038018708,-0.0029940433027745633,-0.003367145154102847,-0.0037311791457427614,-0.00394811654048709
2855.0,-0.005724201899780696,-0.0029512319692352926,-0.0033561970502034985,-0.0037533691673073064,-0.00394629275282876
2865.0,-0.00601023463455939,-0.0028310679214381992,-0.003357716299482762,-0.003851245026472821,-0.004012615475737661
2875.0,-0.0057950007164226875,-0.0027375469263355495,-0.003233433487362298,-0.0037510774324057902,-0.003879312830335241
2885.0,-0.005807606787941574,-0.0028909259804723304,-0.00323637393087076,-0.0037734362452382336,-0.0039271322900629214
2895.0,-0.005785582316939153,-0.002956672291642295,-0.0032203597404919133,-0.00374356401237064,-0.003926589774410944
2905.0,-0.005640583326436016,-0.0031226548458705024,-0.0033686329267542136,-0.003714028943805243,-0.003961513606237301
2915.0,-0.005663123930262271,-0.0031291194057843836,-0.0034157595370937783,-0.0035158851170263173,-0.0039310075036896415
2925.0,-0.00523449019781725,-0.0031602895979626626,-0.003515437530985382,-0.003572686551911935,-0.0038707547000518595
2935.0,-0.004941305960543356,-0.0030379886975958202,-0.0035270581522172098,-0.003459339164357519,-0.00374144773620119
2945.0,-0.004828115426149388,-0.002769362748604089,-0.0034636235763543717,-0.003446832192260254,-0.0036270110099873515
2955.0,-0.004804727110769507,-0.0025996342453687205,-0.0035244591955576414,-0.0034553377142335683,-0.0035960683578149747
2965.0,-0.004396729529287114,-0.002546678135294559,-0.0034913115981119462,-0.0035251043684314596,-0.003489981300623297
2975.0,-0.004239201627563511,-0.002641199565744231,-0.0034066814686036415,-0.00340677191305732,-0.00342348518486077
2985.0,-0.004058223968553581,-0.002612418710843258,-0.003340765301902018,-0.0033762386366669823,-0.003346931621043901
2995.0,-0.004156300263146436,-0.002781358105614116,-0.0033523499924225987,-0.003157700872811882,-0.0033619432179859787
